Time,Lane1_Count,Lane2_Count,Divider_Position,Controller_Mode,Alarm_Status,Prediction_Status
21:39:59,15,15,0,AUTO,ALARM : NORMAL,Analyzing...
21:39:59,15,15,0,AUTO,ALARM : NORMAL,Analyzing...
21:39:59,15,15,0,AUTO,ALARM : NORMAL,Analyzing...
21:40:00,15,15,0,AUTO,ALARM : NORMAL,Analyzing...
21:40:00,15,15,0,AUTO,ALARM : NORMAL,Analyzing...
21:40:00,15,15,0,AUTO,ALARM : NORMAL,Analyzing...
21:40:00,15,15,0,AUTO,ALARM : NORMAL,Analyzing...
21:40:00,15,15,0,AUTO,ALARM : NORMAL,Analyzing...
21:40:00,15,15,0,AUTO,ALARM : NORMAL,Analyzing...
21:40:00,15,15,0,AUTO,ALARM : NORMAL,Traffic Stable
21:40:00,15,15,0,AUTO,ALARM : NORMAL,Traffic Stable
21:40:00,15,15,0,AUTO,ALARM : NORMAL,Traffic Stable
21:40:00,15,15,0,AUTO,ALARM : NORMAL,Traffic Stable
21:40:00,15,15,0,AUTO,ALARM : NORMAL,Traffic Stable
21:40:00,15,15,0,AUTO,ALARM : NORMAL,Traffic Stable
21:40:00,15,15,0,AUTO,ALARM : NORMAL,Traffic Stable
21:40:00,15,15,0,AUTO,ALARM : NORMAL,Traffic Stable
21:40:00,15,15,0,AUTO,ALARM : NORMAL,Traffic Stable
21:40:00,15,15,0,AUTO,ALARM : NORMAL,Traffic Stable
21:40:00,15,15,0,AUTO,ALARM : NORMAL,Traffic Stable
21:40:00,15,15,0,AUTO,ALARM : NORMAL,Traffic Stable
21:40:00,15,15,0,AUTO,ALARM : NORMAL,Traffic Stable
21:40:00,15,15,0,AUTO,ALARM : NORMAL,Traffic Stable
21:40:00,15,15,0,AUTO,ALARM : NORMAL,Traffic Stable
21:40:00,15,15,0,AUTO,ALARM : NORMAL,Traffic Stable
21:40:00,15,15,0,AUTO,ALARM : NORMAL,Traffic Stable
21:40:00,15,15,0,AUTO,ALARM : NORMAL,Traffic Stable
21:40:00,15,15,0,AUTO,ALARM : NORMAL,Traffic Stable
21:40:00,15,15,0,AUTO,ALARM : NORMAL,Traffic Stable
21:40:00,15,15,0,AUTO,ALARM : NORMAL,Traffic Stable
21:40:00,15,15,0,AUTO,ALARM : NORMAL,Traffic Stable
21:40:00,15,15,0,AUTO,ALARM : NORMAL,Traffic Stable
21:40:00,15,15,0,AUTO,ALARM : NORMAL,Traffic Stable
21:40:00,15,15,0,AUTO,ALARM : NORMAL,Traffic Stable
21:40:01,15,15,0,AUTO,ALARM : NORMAL,Traffic Stable
21:40:01,15,15,0,AUTO,ALARM : NORMAL,Traffic Stable
21:40:01,15,15,0,AUTO,ALARM : NORMAL,Traffic Stable
21:40:01,15,15,0,AUTO,ALARM : NORMAL,Traffic Stable
21:40:01,15,15,0,AUTO,ALARM : NORMAL,Traffic Stable
21:40:01,15,15,0,AUTO,ALARM : NORMAL,Traffic Stable
21:40:01,15,15,0,AUTO,ALARM : NORMAL,Traffic Stable
21:40:01,15,15,0,AUTO,ALARM : NORMAL,Traffic Stable
21:40:01,15,15,0,AUTO,ALARM : NORMAL,Traffic Stable
21:40:01,15,15,0,AUTO,ALARM : NORMAL,Traffic Stable
21:40:01,15,15,0,AUTO,ALARM : NORMAL,Traffic Stable
21:40:01,15,15,0,AUTO,ALARM : NORMAL,Traffic Stable
21:40:01,15,15,0,AUTO,ALARM : NORMAL,Traffic Stable
21:40:01,15,15,0,AUTO,ALARM : NORMAL,Traffic Stable
21:40:01,15,15,0,AUTO,ALARM : NORMAL,Traffic Stable
21:40:01,15,15,0,AUTO,ALARM : NORMAL,Traffic Stable
21:40:01,15,15,0,AUTO,ALARM : NORMAL,Traffic Stable
21:40:01,15,15,0,AUTO,ALARM : NORMAL,Traffic Stable
21:40:01,15,15,0,AUTO,ALARM : NORMAL,Traffic Stable
21:40:01,15,15,0,AUTO,ALARM : NORMAL,Traffic Stable
21:40:01,15,15,0,AUTO,ALARM : NORMAL,Traffic Stable
21:40:01,15,15,0,AUTO,ALARM : NORMAL,Traffic Stable
21:40:01,15,15,0,AUTO,ALARM : NORMAL,Traffic Stable
21:40:01,15,15,0,AUTO,ALARM : NORMAL,Traffic Stable
21:40:01,15,15,0,AUTO,ALARM : NORMAL,Traffic Stable
21:40:01,15,15,0,AUTO,ALARM : NORMAL,Traffic Stable
21:40:01,15,15,0,AUTO,ALARM : NORMAL,Traffic Stable
21:40:01,15,15,0,AUTO,ALARM : NORMAL,Traffic Stable
21:40:01,15,15,0,AUTO,ALARM : NORMAL,Traffic Stable
21:40:01,15,15,0,AUTO,ALARM : NORMAL,Traffic Stable
21:40:01,15,15,0,AUTO,ALARM : NORMAL,Traffic Stable
21:40:02,15,15,0,AUTO,ALARM : NORMAL,Traffic Stable
21:40:02,15,15,0,AUTO,ALARM : NORMAL,Traffic Stable
21:40:02,15,15,0,AUTO,ALARM : NORMAL,Traffic Stable
21:40:02,15,15,0,AUTO,ALARM : NORMAL,Traffic Stable
21:40:02,15,15,0,AUTO,ALARM : NORMAL,Traffic Stable
21:40:02,15,15,0,AUTO,ALARM : NORMAL,Traffic Stable
21:40:02,15,15,0,AUTO,ALARM : NORMAL,Traffic Stable
21:40:02,15,15,0,AUTO,ALARM : NORMAL,Traffic Stable
21:40:02,15,15,0,AUTO,ALARM : NORMAL,Traffic Stable
21:40:02,15,15,0,AUTO,ALARM : NORMAL,Traffic Stable
21:40:02,15,15,0,AUTO,ALARM : NORMAL,Traffic Stable
21:40:02,15,15,0,AUTO,ALARM : NORMAL,Traffic Stable
21:40:02,15,15,0,AUTO,ALARM : NORMAL,Traffic Stable
21:40:02,15,15,0,AUTO,ALARM : NORMAL,Traffic Stable
21:40:02,15,15,0,AUTO,ALARM : NORMAL,Traffic Stable
21:40:02,15,15,0,AUTO,ALARM : NORMAL,Traffic Stable
21:40:02,15,15,0,AUTO,ALARM : NORMAL,Traffic Stable
21:40:02,15,15,0,AUTO,ALARM : NORMAL,Traffic Stable
21:40:02,15,15,0,AUTO,ALARM : NORMAL,Traffic Stable
21:40:02,15,15,0,AUTO,ALARM : NORMAL,Traffic Stable
21:40:02,15,15,0,AUTO,ALARM : NORMAL,Traffic Stable
21:40:02,15,15,0,AUTO,ALARM : NORMAL,Traffic Stable
21:40:02,15,15,0,AUTO,ALARM : NORMAL,Traffic Stable
21:40:02,15,15,0,AUTO,ALARM : NORMAL,Traffic Stable
21:40:02,15,15,0,AUTO,ALARM : NORMAL,Traffic Stable
21:40:02,15,15,0,AUTO,ALARM : NORMAL,Traffic Stable
21:40:02,15,15,0,AUTO,ALARM : NORMAL,Traffic Stable
21:40:02,15,15,0,AUTO,ALARM : NORMAL,Traffic Stable
21:40:02,15,15,0,AUTO,ALARM : NORMAL,Traffic Stable
21:40:02,15,15,0,AUTO,ALARM : NORMAL,Traffic Stable
21:40:02,15,15,0,AUTO,ALARM : NORMAL,Traffic Stable
21:40:03,15,15,0,AUTO,ALARM : NORMAL,Traffic Stable
21:40:03,15,15,0,AUTO,ALARM : NORMAL,Traffic Stable
21:40:03,15,15,0,AUTO,ALARM : NORMAL,Traffic Stable
21:40:03,15,15,0,AUTO,ALARM : NORMAL,Traffic Stable
21:40:03,15,15,0,AUTO,ALARM : NORMAL,Traffic Stable
21:40:03,15,15,0,AUTO,ALARM : NORMAL,Traffic Stable
21:40:03,15,15,0,AUTO,ALARM : NORMAL,Traffic Stable
21:40:03,15,15,0,AUTO,ALARM : NORMAL,Traffic Stable
21:40:03,15,15,0,AUTO,ALARM : NORMAL,Traffic Stable
21:40:03,15,15,0,AUTO,ALARM : NORMAL,Traffic Stable
21:40:03,15,15,0,AUTO,ALARM : NORMAL,Traffic Stable
21:40:03,15,15,0,AUTO,ALARM : NORMAL,Traffic Stable
21:40:03,15,15,0,AUTO,ALARM : NORMAL,Traffic Stable
21:40:03,15,15,0,AUTO,ALARM : NORMAL,Traffic Stable
21:40:03,15,15,0,AUTO,ALARM : NORMAL,Traffic Stable
21:40:03,15,15,0,AUTO,ALARM : NORMAL,Traffic Stable
21:40:03,15,15,0,AUTO,ALARM : NORMAL,Traffic Stable
21:40:03,15,15,0,AUTO,ALARM : NORMAL,Traffic Stable
21:40:03,15,15,0,AUTO,ALARM : NORMAL,Traffic Stable
21:40:03,15,15,0,AUTO,ALARM : NORMAL,Traffic Stable
21:40:03,15,15,0,AUTO,ALARM : NORMAL,Traffic Stable
21:40:03,15,15,0,AUTO,ALARM : NORMAL,Traffic Stable
21:40:03,15,15,0,AUTO,ALARM : NORMAL,Traffic Stable
21:40:03,15,15,0,AUTO,ALARM : NORMAL,Traffic Stable
21:40:03,15,15,0,AUTO,ALARM : NORMAL,Traffic Stable
21:40:03,15,15,0,AUTO,ALARM : NORMAL,Traffic Stable
21:40:03,15,15,0,AUTO,ALARM : NORMAL,Traffic Stable
21:40:04,15,15,0,AUTO,ALARM : NORMAL,Traffic Stable
21:40:04,15,15,0,AUTO,ALARM : NORMAL,Traffic Stable
21:40:04,15,15,0,AUTO,ALARM : NORMAL,Traffic Stable
21:40:04,15,15,0,AUTO,ALARM : NORMAL,Traffic Stable
21:40:04,15,15,0,AUTO,ALARM : NORMAL,Traffic Stable
21:40:04,15,15,0,AUTO,ALARM : NORMAL,Traffic Stable
21:40:04,15,15,0,AUTO,ALARM : NORMAL,Traffic Stable
21:40:04,15,15,0,AUTO,ALARM : NORMAL,Traffic Stable
21:40:04,15,15,0,AUTO,ALARM : NORMAL,Traffic Stable
21:40:04,15,15,0,AUTO,ALARM : NORMAL,Traffic Stable
21:40:04,15,15,0,AUTO,ALARM : NORMAL,Traffic Stable
21:40:04,15,15,0,AUTO,ALARM : NORMAL,Traffic Stable
21:40:04,15,15,0,AUTO,ALARM : NORMAL,Traffic Stable
21:40:04,15,15,0,AUTO,ALARM : NORMAL,Traffic Stable
21:40:04,15,15,0,AUTO,ALARM : NORMAL,Traffic Stable
21:40:04,15,15,0,AUTO,ALARM : NORMAL,Traffic Stable
21:40:04,15,15,0,AUTO,ALARM : NORMAL,Traffic Stable
21:40:04,15,15,0,AUTO,ALARM : NORMAL,Traffic Stable
21:40:04,15,15,0,AUTO,ALARM : NORMAL,Traffic Stable
21:40:04,15,15,0,AUTO,ALARM : NORMAL,Traffic Stable
21:40:04,15,15,0,AUTO,ALARM : NORMAL,Traffic Stable
21:40:04,15,15,0,AUTO,ALARM : NORMAL,Traffic Stable
21:40:04,15,15,0,AUTO,ALARM : NORMAL,Traffic Stable
21:40:04,15,15,0,AUTO,ALARM : NORMAL,Traffic Stable
21:40:04,15,15,0,AUTO,ALARM : NORMAL,Traffic Stable
21:40:04,15,15,0,AUTO,ALARM : NORMAL,Traffic Stable
21:40:04,15,15,0,AUTO,ALARM : NORMAL,Traffic Stable
21:40:04,15,15,0,AUTO,ALARM : NORMAL,Traffic Stable
21:40:04,15,15,0,AUTO,ALARM : NORMAL,Traffic Stable
21:40:04,15,15,0,AUTO,ALARM : NORMAL,Traffic Stable
21:40:05,15,15,0,AUTO,ALARM : NORMAL,Traffic Stable
21:40:05,15,15,0,AUTO,ALARM : NORMAL,Traffic Stable
21:40:05,15,15,0,AUTO,ALARM : NORMAL,Traffic Stable
21:40:05,15,15,0,AUTO,ALARM : NORMAL,Traffic Stable
21:40:05,15,15,0,AUTO,ALARM : NORMAL,Traffic Stable
21:40:05,15,15,0,AUTO,ALARM : NORMAL,Traffic Stable
21:40:05,15,15,0,AUTO,ALARM : NORMAL,Traffic Stable
21:40:05,15,15,0,AUTO,ALARM : NORMAL,Traffic Stable
21:40:05,15,15,0,AUTO,ALARM : NORMAL,Traffic Stable
21:40:05,15,15,0,AUTO,ALARM : NORMAL,Traffic Stable
21:40:05,15,15,0,AUTO,ALARM : NORMAL,Traffic Stable
21:40:05,15,15,0,AUTO,ALARM : NORMAL,Traffic Stable
21:40:05,15,15,0,AUTO,ALARM : NORMAL,Traffic Stable
21:40:05,15,15,0,AUTO,ALARM : NORMAL,Traffic Stable
21:40:05,15,15,0,AUTO,ALARM : NORMAL,Traffic Stable
21:40:05,15,15,0,AUTO,ALARM : NORMAL,Traffic Stable
21:40:05,15,15,0,AUTO,ALARM : NORMAL,Traffic Stable
21:40:05,15,15,0,AUTO,ALARM : NORMAL,Traffic Stable
21:40:05,15,15,0,AUTO,ALARM : NORMAL,Traffic Stable
21:40:05,15,15,0,AUTO,ALARM : NORMAL,Traffic Stable
21:40:05,15,15,0,AUTO,ALARM : NORMAL,Traffic Stable
21:40:05,15,15,0,AUTO,ALARM : NORMAL,Traffic Stable
21:40:05,15,15,0,AUTO,ALARM : NORMAL,Traffic Stable
21:40:05,15,15,0,AUTO,ALARM : NORMAL,Traffic Stable
21:40:05,15,15,0,AUTO,ALARM : NORMAL,Traffic Stable
21:40:05,15,15,0,AUTO,ALARM : NORMAL,Traffic Stable
21:40:05,15,15,0,AUTO,ALARM : NORMAL,Traffic Stable
21:40:05,15,15,0,AUTO,ALARM : NORMAL,Traffic Stable
21:40:05,15,15,0,AUTO,ALARM : NORMAL,Traffic Stable
21:40:05,15,15,0,AUTO,ALARM : NORMAL,Traffic Stable
21:40:05,15,15,0,AUTO,ALARM : NORMAL,Traffic Stable
21:40:05,15,15,0,AUTO,ALARM : NORMAL,Traffic Stable
21:40:05,15,15,0,AUTO,ALARM : NORMAL,Traffic Stable
21:40:06,15,15,0,AUTO,ALARM : NORMAL,Traffic Stable
21:40:06,15,15,0,AUTO,ALARM : NORMAL,Traffic Stable
21:40:06,15,15,0,AUTO,ALARM : NORMAL,Traffic Stable
21:40:06,15,15,0,AUTO,ALARM : NORMAL,Traffic Stable
21:40:06,15,15,0,AUTO,ALARM : NORMAL,Traffic Stable
21:40:06,15,15,0,AUTO,ALARM : NORMAL,Traffic Stable
21:40:06,15,15,0,AUTO,ALARM : NORMAL,Traffic Stable
21:40:06,15,15,0,AUTO,ALARM : NORMAL,Traffic Stable
21:40:06,15,15,0,AUTO,ALARM : NORMAL,Traffic Stable
21:40:06,15,15,0,AUTO,ALARM : NORMAL,Traffic Stable
21:40:06,15,15,0,AUTO,ALARM : NORMAL,Traffic Stable
21:40:06,15,15,0,AUTO,ALARM : NORMAL,Traffic Stable
21:40:06,15,15,0,AUTO,ALARM : NORMAL,Traffic Stable
21:40:06,15,15,0,AUTO,ALARM : NORMAL,Traffic Stable
21:40:06,15,15,0,AUTO,ALARM : NORMAL,Traffic Stable
21:40:06,15,15,0,AUTO,ALARM : NORMAL,Traffic Stable
21:40:06,15,15,0,AUTO,ALARM : NORMAL,Traffic Stable
21:40:06,15,15,0,AUTO,ALARM : NORMAL,Traffic Stable
21:40:06,15,15,0,AUTO,ALARM : NORMAL,Traffic Stable
21:40:06,15,15,0,AUTO,ALARM : NORMAL,Traffic Stable
21:40:06,15,15,0,AUTO,ALARM : NORMAL,Traffic Stable
21:40:06,15,15,0,AUTO,ALARM : NORMAL,Traffic Stable
21:40:06,15,15,0,AUTO,ALARM : NORMAL,Traffic Stable
21:40:06,15,15,0,AUTO,ALARM : NORMAL,Traffic Stable
21:40:07,15,15,0,AUTO,ALARM : NORMAL,Traffic Stable
21:40:07,15,15,0,AUTO,ALARM : NORMAL,Traffic Stable
21:40:07,15,15,0,AUTO,ALARM : NORMAL,Traffic Stable
21:40:07,15,15,0,AUTO,ALARM : NORMAL,Traffic Stable
21:40:07,15,15,0,AUTO,ALARM : NORMAL,Traffic Stable
21:40:07,15,15,0,AUTO,ALARM : NORMAL,Traffic Stable
21:40:07,15,15,0,AUTO,ALARM : NORMAL,Traffic Stable
21:40:07,15,15,0,AUTO,ALARM : NORMAL,Traffic Stable
21:40:07,15,15,0,AUTO,ALARM : NORMAL,Traffic Stable
21:40:07,15,15,0,AUTO,ALARM : NORMAL,Traffic Stable
21:40:07,15,15,0,AUTO,ALARM : NORMAL,Traffic Stable
21:40:07,15,15,0,AUTO,ALARM : NORMAL,Traffic Stable
21:40:07,15,15,0,AUTO,ALARM : NORMAL,Traffic Stable
21:40:07,15,15,0,AUTO,ALARM : NORMAL,Traffic Stable
21:40:07,15,15,0,AUTO,ALARM : NORMAL,Traffic Stable
21:40:07,15,15,0,AUTO,ALARM : NORMAL,Traffic Stable
21:40:07,15,15,0,AUTO,ALARM : NORMAL,Traffic Stable
21:40:07,15,15,0,AUTO,ALARM : NORMAL,Traffic Stable
21:40:07,15,15,0,AUTO,ALARM : NORMAL,Traffic Stable
21:40:07,15,15,0,AUTO,ALARM : NORMAL,Traffic Stable
21:40:07,15,15,0,AUTO,ALARM : NORMAL,Traffic Stable
21:40:07,15,15,0,AUTO,ALARM : NORMAL,Traffic Stable
21:40:07,15,15,0,AUTO,ALARM : NORMAL,Traffic Stable
21:40:07,15,15,0,AUTO,ALARM : NORMAL,Traffic Stable
21:40:07,15,15,0,AUTO,ALARM : NORMAL,Traffic Stable
21:40:07,15,15,0,AUTO,ALARM : NORMAL,Traffic Stable
21:40:07,15,15,0,AUTO,ALARM : NORMAL,Traffic Stable
21:40:07,15,15,0,AUTO,ALARM : NORMAL,Traffic Stable
21:40:07,15,15,0,AUTO,ALARM : NORMAL,Traffic Stable
21:40:07,15,15,0,AUTO,ALARM : NORMAL,Traffic Stable
21:40:07,15,15,0,AUTO,ALARM : NORMAL,Traffic Stable
21:40:07,15,15,0,AUTO,ALARM : NORMAL,Traffic Stable
21:40:08,15,15,0,AUTO,ALARM : NORMAL,Traffic Stable
21:40:08,15,15,0,AUTO,ALARM : NORMAL,Traffic Stable
21:40:08,15,15,0,AUTO,ALARM : NORMAL,Traffic Stable
21:40:08,15,15,0,AUTO,ALARM : NORMAL,Traffic Stable
21:40:08,15,15,0,AUTO,ALARM : NORMAL,Traffic Stable
21:40:08,15,15,0,AUTO,ALARM : NORMAL,Traffic Stable
21:40:08,15,15,0,AUTO,ALARM : NORMAL,Traffic Stable
21:40:08,15,15,0,AUTO,ALARM : NORMAL,Traffic Stable
21:40:08,15,15,0,AUTO,ALARM : NORMAL,Traffic Stable
21:40:08,15,15,0,AUTO,ALARM : NORMAL,Traffic Stable
21:40:08,15,15,0,AUTO,ALARM : NORMAL,Traffic Stable
21:40:08,15,15,0,AUTO,ALARM : NORMAL,Traffic Stable
21:40:08,15,15,0,AUTO,ALARM : NORMAL,Traffic Stable
21:40:08,15,15,0,AUTO,ALARM : NORMAL,Traffic Stable
21:40:08,15,15,0,AUTO,ALARM : NORMAL,Traffic Stable
21:40:08,15,15,0,AUTO,ALARM : NORMAL,Traffic Stable
21:40:08,15,15,0,AUTO,ALARM : NORMAL,Traffic Stable
21:40:08,15,15,0,AUTO,ALARM : NORMAL,Traffic Stable
21:40:08,15,15,0,AUTO,ALARM : NORMAL,Traffic Stable
21:40:08,15,15,0,AUTO,ALARM : NORMAL,Traffic Stable
21:40:08,15,15,0,AUTO,ALARM : NORMAL,Traffic Stable
21:40:08,15,15,0,AUTO,ALARM : NORMAL,Traffic Stable
21:40:08,15,15,0,AUTO,ALARM : NORMAL,Traffic Stable
21:40:08,15,15,0,AUTO,ALARM : NORMAL,Traffic Stable
21:40:08,15,15,0,AUTO,ALARM : NORMAL,Traffic Stable
21:40:08,15,15,0,AUTO,ALARM : NORMAL,Traffic Stable
21:40:08,15,15,0,AUTO,ALARM : NORMAL,Traffic Stable
21:40:08,15,15,0,AUTO,ALARM : NORMAL,Traffic Stable
21:40:08,15,15,0,AUTO,ALARM : NORMAL,Traffic Stable
21:40:08,15,15,0,AUTO,ALARM : NORMAL,Traffic Stable
21:40:08,15,15,0,AUTO,ALARM : NORMAL,Traffic Stable
21:40:09,15,15,0,AUTO,ALARM : NORMAL,Traffic Stable
21:40:09,15,15,0,AUTO,ALARM : NORMAL,Traffic Stable
21:40:09,15,15,0,AUTO,ALARM : NORMAL,Traffic Stable
21:40:09,15,15,0,AUTO,ALARM : NORMAL,Traffic Stable
21:40:09,15,15,0,AUTO,ALARM : NORMAL,Traffic Stable
21:40:09,15,15,0,AUTO,ALARM : NORMAL,Traffic Stable
21:40:09,15,15,0,AUTO,ALARM : NORMAL,Traffic Stable
21:40:09,15,15,0,AUTO,ALARM : NORMAL,Traffic Stable
21:40:09,15,15,0,AUTO,ALARM : NORMAL,Traffic Stable
21:40:09,15,15,0,AUTO,ALARM : NORMAL,Traffic Stable
21:40:09,15,15,0,AUTO,ALARM : NORMAL,Traffic Stable
21:40:09,15,15,0,AUTO,ALARM : NORMAL,Traffic Stable
21:40:09,15,15,0,AUTO,ALARM : NORMAL,Traffic Stable
21:40:09,15,15,0,AUTO,ALARM : NORMAL,Traffic Stable
21:40:09,15,15,0,AUTO,ALARM : NORMAL,Traffic Stable
21:40:09,15,15,0,AUTO,ALARM : NORMAL,Traffic Stable
21:40:09,15,15,0,AUTO,ALARM : NORMAL,Traffic Stable
21:40:09,15,15,0,AUTO,ALARM : NORMAL,Traffic Stable
21:40:09,15,15,0,AUTO,ALARM : NORMAL,Traffic Stable
21:40:09,15,15,0,AUTO,ALARM : NORMAL,Traffic Stable
21:40:09,15,15,0,AUTO,ALARM : NORMAL,Traffic Stable
21:40:09,15,15,0,AUTO,ALARM : NORMAL,Traffic Stable
21:40:09,15,15,0,AUTO,ALARM : NORMAL,Traffic Stable
21:40:09,15,15,0,AUTO,ALARM : NORMAL,Traffic Stable
21:40:09,15,15,0,AUTO,ALARM : NORMAL,Traffic Stable
21:40:09,15,15,0,AUTO,ALARM : NORMAL,Traffic Stable
21:40:09,15,15,0,AUTO,ALARM : NORMAL,Traffic Stable
21:40:09,15,15,0,AUTO,ALARM : NORMAL,Traffic Stable
21:40:09,15,15,0,AUTO,ALARM : NORMAL,Traffic Stable
21:40:09,15,15,0,AUTO,ALARM : NORMAL,Traffic Stable
21:40:09,15,15,0,AUTO,ALARM : NORMAL,Traffic Stable
21:40:09,15,15,0,AUTO,ALARM : NORMAL,Traffic Stable
21:40:09,15,15,0,AUTO,ALARM : NORMAL,Traffic Stable
21:40:10,15,15,0,AUTO,ALARM : NORMAL,Traffic Stable
21:40:10,15,15,0,AUTO,ALARM : NORMAL,Traffic Stable
21:40:10,15,15,0,AUTO,ALARM : NORMAL,Traffic Stable
21:40:10,15,15,0,AUTO,ALARM : NORMAL,Traffic Stable
21:40:10,15,15,0,AUTO,ALARM : NORMAL,Traffic Stable
21:40:10,15,15,0,AUTO,ALARM : NORMAL,Traffic Stable
21:40:10,15,15,0,AUTO,ALARM : NORMAL,Traffic Stable
21:40:10,15,15,0,AUTO,ALARM : NORMAL,Traffic Stable
21:40:10,15,15,0,AUTO,ALARM : NORMAL,Traffic Stable
21:40:10,15,15,0,AUTO,ALARM : NORMAL,Traffic Stable
21:40:10,15,15,0,AUTO,ALARM : NORMAL,Traffic Stable
21:40:10,15,15,0,AUTO,ALARM : NORMAL,Traffic Stable
21:40:10,15,15,0,AUTO,ALARM : NORMAL,Traffic Stable
21:40:10,15,15,0,AUTO,ALARM : NORMAL,Traffic Stable
21:40:10,15,15,0,AUTO,ALARM : NORMAL,Traffic Stable
21:40:10,15,15,0,AUTO,ALARM : NORMAL,Traffic Stable
21:40:10,15,15,0,AUTO,ALARM : NORMAL,Traffic Stable
21:40:10,15,15,0,AUTO,ALARM : NORMAL,Traffic Stable
21:40:10,15,15,0,AUTO,ALARM : NORMAL,Traffic Stable
21:40:10,15,15,0,AUTO,ALARM : NORMAL,Traffic Stable
21:40:10,15,15,0,AUTO,ALARM : NORMAL,Traffic Stable
21:40:10,15,15,0,AUTO,ALARM : NORMAL,Traffic Stable
21:40:10,15,15,0,AUTO,ALARM : NORMAL,Traffic Stable
21:40:10,15,15,0,AUTO,ALARM : NORMAL,Traffic Stable
21:40:10,15,15,0,AUTO,ALARM : NORMAL,Traffic Stable
21:40:10,15,15,0,AUTO,ALARM : NORMAL,Traffic Stable
21:40:10,15,15,0,AUTO,ALARM : NORMAL,Traffic Stable
21:40:10,15,15,0,AUTO,ALARM : NORMAL,Traffic Stable
21:40:10,15,15,0,AUTO,ALARM : NORMAL,Traffic Stable
21:40:10,15,15,0,AUTO,ALARM : NORMAL,Traffic Stable
21:40:10,15,15,0,AUTO,ALARM : NORMAL,Traffic Stable
21:40:11,15,15,0,AUTO,ALARM : NORMAL,Traffic Stable
21:40:11,15,15,0,AUTO,ALARM : NORMAL,Traffic Stable
21:40:11,15,15,0,AUTO,ALARM : NORMAL,Traffic Stable
21:40:11,15,15,0,AUTO,ALARM : NORMAL,Traffic Stable
21:40:11,15,15,0,AUTO,ALARM : NORMAL,Traffic Stable
21:40:11,15,15,0,AUTO,ALARM : NORMAL,Traffic Stable
21:40:11,15,15,0,AUTO,ALARM : NORMAL,Traffic Stable
21:40:11,15,15,0,AUTO,ALARM : NORMAL,Traffic Stable
21:40:11,15,15,0,AUTO,ALARM : NORMAL,Traffic Stable
21:40:11,15,15,0,AUTO,ALARM : NORMAL,Traffic Stable
21:40:11,15,15,0,AUTO,ALARM : NORMAL,Traffic Stable
21:40:11,15,15,0,AUTO,ALARM : NORMAL,Traffic Stable
21:40:11,15,15,0,AUTO,ALARM : NORMAL,Traffic Stable
21:40:11,15,15,0,AUTO,ALARM : NORMAL,Traffic Stable
21:40:11,15,15,0,AUTO,ALARM : NORMAL,Traffic Stable
21:40:11,15,15,0,AUTO,ALARM : NORMAL,Traffic Stable
21:40:11,15,15,0,AUTO,ALARM : NORMAL,Traffic Stable
21:40:11,15,15,0,AUTO,ALARM : NORMAL,Traffic Stable
21:40:11,15,15,0,AUTO,ALARM : NORMAL,Traffic Stable
21:40:11,15,15,0,AUTO,ALARM : NORMAL,Traffic Stable
21:40:11,15,15,0,AUTO,ALARM : NORMAL,Traffic Stable
21:40:11,15,15,0,AUTO,ALARM : NORMAL,Traffic Stable
21:40:11,15,15,0,AUTO,ALARM : NORMAL,Traffic Stable
21:40:11,15,15,0,AUTO,ALARM : NORMAL,Traffic Stable
21:40:11,15,15,0,AUTO,ALARM : NORMAL,Traffic Stable
21:40:11,15,15,0,AUTO,ALARM : NORMAL,Traffic Stable
21:40:11,15,15,0,AUTO,ALARM : NORMAL,Traffic Stable
21:40:11,15,15,0,AUTO,ALARM : NORMAL,Traffic Stable
21:40:11,15,15,0,AUTO,ALARM : NORMAL,Traffic Stable
21:40:11,15,15,0,AUTO,ALARM : NORMAL,Traffic Stable
21:40:12,15,15,0,AUTO,ALARM : NORMAL,Traffic Stable
21:40:12,15,15,0,AUTO,ALARM : NORMAL,Traffic Stable
21:40:12,15,15,0,AUTO,ALARM : NORMAL,Traffic Stable
21:40:12,15,15,0,AUTO,ALARM : NORMAL,Traffic Stable
21:40:12,15,15,0,AUTO,ALARM : NORMAL,Traffic Stable
21:40:12,15,15,0,AUTO,ALARM : NORMAL,Traffic Stable
21:40:12,15,15,0,AUTO,ALARM : NORMAL,Traffic Stable
21:40:12,15,15,0,AUTO,ALARM : NORMAL,Traffic Stable
21:40:12,15,15,0,AUTO,ALARM : NORMAL,Traffic Stable
21:40:12,15,15,0,AUTO,ALARM : NORMAL,Traffic Stable
21:40:12,15,15,0,AUTO,ALARM : NORMAL,Traffic Stable
21:40:12,15,15,0,AUTO,ALARM : NORMAL,Traffic Stable
21:40:12,15,15,0,AUTO,ALARM : NORMAL,Traffic Stable
21:40:12,15,15,0,AUTO,ALARM : NORMAL,Traffic Stable
21:40:12,15,15,0,AUTO,ALARM : NORMAL,Traffic Stable
21:40:12,15,15,0,AUTO,ALARM : NORMAL,Traffic Stable
21:40:12,15,15,0,AUTO,ALARM : NORMAL,Traffic Stable
21:40:12,15,15,0,AUTO,ALARM : NORMAL,Traffic Stable
21:40:12,15,15,0,AUTO,ALARM : NORMAL,Traffic Stable
21:40:12,15,15,0,AUTO,ALARM : NORMAL,Traffic Stable
21:40:12,15,15,0,AUTO,ALARM : NORMAL,Traffic Stable
21:40:12,15,15,0,AUTO,ALARM : NORMAL,Traffic Stable
21:40:12,15,15,0,AUTO,ALARM : NORMAL,Traffic Stable
21:40:12,15,15,0,AUTO,ALARM : NORMAL,Traffic Stable
21:40:12,15,15,0,AUTO,ALARM : NORMAL,Traffic Stable
21:40:12,15,15,0,AUTO,ALARM : NORMAL,Traffic Stable
21:40:12,15,15,0,AUTO,ALARM : NORMAL,Traffic Stable
21:40:12,15,15,0,AUTO,ALARM : NORMAL,Traffic Stable
21:40:12,15,15,0,AUTO,ALARM : NORMAL,Traffic Stable
21:40:12,15,15,0,AUTO,ALARM : NORMAL,Traffic Stable
21:40:12,15,15,0,AUTO,ALARM : NORMAL,Traffic Stable
21:40:13,15,15,0,AUTO,ALARM : NORMAL,Traffic Stable
21:40:13,15,15,0,AUTO,ALARM : NORMAL,Traffic Stable
21:40:13,15,15,0,AUTO,ALARM : NORMAL,Traffic Stable
21:40:13,15,15,0,AUTO,ALARM : NORMAL,Traffic Stable
21:40:13,15,15,0,AUTO,ALARM : NORMAL,Traffic Stable
21:40:13,15,15,0,AUTO,ALARM : NORMAL,Traffic Stable
21:40:13,15,15,0,AUTO,ALARM : NORMAL,Traffic Stable
21:40:13,15,15,0,AUTO,ALARM : NORMAL,Traffic Stable
21:40:13,15,15,0,AUTO,ALARM : NORMAL,Traffic Stable
21:40:13,15,15,0,AUTO,ALARM : NORMAL,Traffic Stable
21:40:13,15,15,0,AUTO,ALARM : NORMAL,Traffic Stable
21:40:13,15,15,0,AUTO,ALARM : NORMAL,Traffic Stable
21:40:13,15,15,0,AUTO,ALARM : NORMAL,Traffic Stable
21:40:13,15,15,0,AUTO,ALARM : NORMAL,Traffic Stable
21:40:13,15,15,0,AUTO,ALARM : NORMAL,Traffic Stable
21:40:13,15,15,0,AUTO,ALARM : NORMAL,Traffic Stable
21:40:13,15,15,0,AUTO,ALARM : NORMAL,Traffic Stable
21:40:13,15,15,0,AUTO,ALARM : NORMAL,Traffic Stable
21:40:13,15,15,0,AUTO,ALARM : NORMAL,Traffic Stable
21:40:13,15,15,0,AUTO,ALARM : NORMAL,Traffic Stable
21:40:13,15,15,0,AUTO,ALARM : NORMAL,Traffic Stable
21:40:13,15,15,0,AUTO,ALARM : NORMAL,Traffic Stable
21:40:13,15,15,0,AUTO,ALARM : NORMAL,Traffic Stable
21:40:13,15,15,0,AUTO,ALARM : NORMAL,Traffic Stable
21:40:13,15,15,0,AUTO,ALARM : NORMAL,Traffic Stable
21:40:13,15,15,0,AUTO,ALARM : NORMAL,Traffic Stable
21:40:13,15,15,0,AUTO,ALARM : NORMAL,Traffic Stable
21:40:13,15,15,0,AUTO,ALARM : NORMAL,Traffic Stable
21:40:13,15,15,0,AUTO,ALARM : NORMAL,Traffic Stable
21:40:13,15,15,0,AUTO,ALARM : NORMAL,Traffic Stable
21:40:13,15,15,0,AUTO,ALARM : NORMAL,Traffic Stable
21:40:14,15,15,0,AUTO,ALARM : NORMAL,Traffic Stable
21:40:14,15,15,0,AUTO,ALARM : NORMAL,Traffic Stable
21:40:14,15,15,0,AUTO,ALARM : NORMAL,Traffic Stable
21:40:14,15,15,0,AUTO,ALARM : NORMAL,Traffic Stable
21:40:14,15,15,0,AUTO,ALARM : NORMAL,Traffic Stable
21:40:14,15,15,0,AUTO,ALARM : NORMAL,Traffic Stable
21:40:14,15,15,0,AUTO,ALARM : NORMAL,Traffic Stable
21:40:14,15,15,0,AUTO,ALARM : NORMAL,Traffic Stable
21:40:14,15,15,0,AUTO,ALARM : NORMAL,Traffic Stable
21:40:14,15,15,0,AUTO,ALARM : NORMAL,Traffic Stable
21:40:14,15,15,0,AUTO,ALARM : NORMAL,Traffic Stable
21:40:14,15,15,0,AUTO,ALARM : NORMAL,Traffic Stable
21:40:14,15,15,0,AUTO,ALARM : NORMAL,Traffic Stable
21:40:14,15,15,0,AUTO,ALARM : NORMAL,Traffic Stable
21:40:14,15,15,0,AUTO,ALARM : NORMAL,Traffic Stable
21:40:14,15,15,0,AUTO,ALARM : NORMAL,Traffic Stable
21:40:14,15,15,0,AUTO,ALARM : NORMAL,Traffic Stable
21:40:14,15,15,0,AUTO,ALARM : NORMAL,Traffic Stable
21:40:14,15,15,0,AUTO,ALARM : NORMAL,Traffic Stable
21:40:14,15,15,0,AUTO,ALARM : NORMAL,Traffic Stable
21:40:14,15,15,0,AUTO,ALARM : NORMAL,Traffic Stable
21:40:14,15,15,0,AUTO,ALARM : NORMAL,Traffic Stable
21:40:14,15,15,0,AUTO,ALARM : NORMAL,Traffic Stable
21:40:14,15,15,0,AUTO,ALARM : NORMAL,Traffic Stable
21:40:14,15,15,0,AUTO,ALARM : NORMAL,Traffic Stable
21:40:14,15,15,0,AUTO,ALARM : NORMAL,Traffic Stable
21:40:14,15,15,0,AUTO,ALARM : NORMAL,Traffic Stable
21:40:14,15,15,0,AUTO,ALARM : NORMAL,Traffic Stable
21:40:14,15,15,0,AUTO,ALARM : NORMAL,Traffic Stable
21:40:14,15,15,0,AUTO,ALARM : NORMAL,Traffic Stable
21:40:14,15,15,0,AUTO,ALARM : NORMAL,Traffic Stable
21:40:15,15,15,0,AUTO,ALARM : NORMAL,Traffic Stable
21:40:15,15,15,0,AUTO,ALARM : NORMAL,Traffic Stable
21:40:15,15,15,0,AUTO,ALARM : NORMAL,Traffic Stable
21:40:15,15,15,0,AUTO,ALARM : NORMAL,Traffic Stable
21:40:15,15,15,0,AUTO,ALARM : NORMAL,Traffic Stable
21:40:15,15,15,0,AUTO,ALARM : NORMAL,Traffic Stable
21:40:15,15,15,0,AUTO,ALARM : NORMAL,Traffic Stable
21:40:15,15,15,0,AUTO,ALARM : NORMAL,Traffic Stable
21:40:15,15,15,0,AUTO,ALARM : NORMAL,Traffic Stable
21:40:15,15,15,0,AUTO,ALARM : NORMAL,Traffic Stable
21:40:15,15,15,0,AUTO,ALARM : NORMAL,Traffic Stable
21:40:15,15,15,0,AUTO,ALARM : NORMAL,Traffic Stable
21:40:15,15,15,0,AUTO,ALARM : NORMAL,Traffic Stable
21:40:15,15,15,0,AUTO,ALARM : NORMAL,Traffic Stable
21:40:15,15,15,0,AUTO,ALARM : NORMAL,Traffic Stable
21:40:15,15,15,0,AUTO,ALARM : NORMAL,Traffic Stable
21:40:15,15,15,0,AUTO,ALARM : NORMAL,Traffic Stable
21:40:15,15,15,0,AUTO,ALARM : NORMAL,Traffic Stable
21:40:15,15,15,0,AUTO,ALARM : NORMAL,Traffic Stable
21:40:15,15,15,0,AUTO,ALARM : NORMAL,Traffic Stable
21:40:15,15,15,0,AUTO,ALARM : NORMAL,Traffic Stable
21:40:15,15,15,0,AUTO,ALARM : NORMAL,Traffic Stable
21:40:15,15,15,0,AUTO,ALARM : NORMAL,Traffic Stable
21:40:15,15,15,0,AUTO,ALARM : NORMAL,Traffic Stable
21:40:15,15,15,0,AUTO,ALARM : NORMAL,Traffic Stable
21:40:15,15,15,0,AUTO,ALARM : NORMAL,Traffic Stable
21:40:15,15,15,0,AUTO,ALARM : NORMAL,Traffic Stable
21:40:15,15,15,0,AUTO,ALARM : NORMAL,Traffic Stable
21:40:15,15,15,0,AUTO,ALARM : NORMAL,Traffic Stable
21:40:15,15,15,0,AUTO,ALARM : NORMAL,Traffic Stable
21:40:16,15,15,0,AUTO,ALARM : NORMAL,Traffic Stable
21:40:16,15,15,0,AUTO,ALARM : NORMAL,Traffic Stable
21:40:16,15,15,0,AUTO,ALARM : NORMAL,Traffic Stable
21:40:16,15,15,0,AUTO,ALARM : NORMAL,Traffic Stable
21:40:16,15,15,0,AUTO,ALARM : NORMAL,Traffic Stable
21:40:16,15,15,0,AUTO,ALARM : NORMAL,Traffic Stable
21:40:16,15,15,0,AUTO,ALARM : NORMAL,Traffic Stable
21:40:16,15,15,0,AUTO,ALARM : NORMAL,Traffic Stable
21:40:16,15,15,0,AUTO,ALARM : NORMAL,Traffic Stable
21:40:16,15,15,0,AUTO,ALARM : NORMAL,Traffic Stable
21:40:16,15,15,0,AUTO,ALARM : NORMAL,Traffic Stable
21:40:16,15,15,0,AUTO,ALARM : NORMAL,Traffic Stable
21:40:16,15,15,0,AUTO,ALARM : NORMAL,Traffic Stable
21:40:16,15,15,0,AUTO,ALARM : NORMAL,Traffic Stable
21:40:16,15,15,0,AUTO,ALARM : NORMAL,Traffic Stable
21:40:16,15,15,0,AUTO,ALARM : NORMAL,Traffic Stable
21:40:16,15,15,0,AUTO,ALARM : NORMAL,Traffic Stable
21:40:16,15,15,0,AUTO,ALARM : NORMAL,Traffic Stable
21:40:16,15,15,0,AUTO,ALARM : NORMAL,Traffic Stable
21:40:16,15,15,0,AUTO,ALARM : NORMAL,Traffic Stable
21:40:16,15,15,0,AUTO,ALARM : NORMAL,Traffic Stable
21:40:16,15,15,0,AUTO,ALARM : NORMAL,Traffic Stable
21:40:16,15,15,0,AUTO,ALARM : NORMAL,Traffic Stable
21:40:16,15,15,0,AUTO,ALARM : NORMAL,Traffic Stable
21:40:16,15,15,0,AUTO,ALARM : NORMAL,Traffic Stable
21:40:16,15,15,0,AUTO,ALARM : NORMAL,Traffic Stable
21:40:16,15,15,0,AUTO,ALARM : NORMAL,Traffic Stable
21:40:16,15,15,0,AUTO,ALARM : NORMAL,Traffic Stable
21:40:16,15,15,0,AUTO,ALARM : NORMAL,Traffic Stable
21:40:16,15,15,0,AUTO,ALARM : NORMAL,Traffic Stable
21:40:16,15,15,0,AUTO,ALARM : NORMAL,Traffic Stable
21:40:17,15,15,0,AUTO,ALARM : NORMAL,Traffic Stable
21:40:17,15,15,0,AUTO,ALARM : NORMAL,Traffic Stable
21:40:17,15,15,0,AUTO,ALARM : NORMAL,Traffic Stable
21:40:17,15,15,0,AUTO,ALARM : NORMAL,Traffic Stable
21:40:17,15,15,0,AUTO,ALARM : NORMAL,Traffic Stable
21:40:17,15,15,0,AUTO,ALARM : NORMAL,Traffic Stable
21:40:17,15,15,0,AUTO,ALARM : NORMAL,Traffic Stable
21:40:17,15,15,0,AUTO,ALARM : NORMAL,Traffic Stable
21:40:17,15,15,0,AUTO,ALARM : NORMAL,Traffic Stable
21:40:17,15,15,0,AUTO,ALARM : NORMAL,Traffic Stable
21:40:17,15,15,0,AUTO,ALARM : NORMAL,Traffic Stable
21:40:17,15,15,0,AUTO,ALARM : NORMAL,Traffic Stable
21:40:17,15,15,0,AUTO,ALARM : NORMAL,Traffic Stable
21:40:17,15,15,0,AUTO,ALARM : NORMAL,Traffic Stable
21:40:17,15,15,0,AUTO,ALARM : NORMAL,Traffic Stable
21:40:17,15,15,0,AUTO,ALARM : NORMAL,Traffic Stable
21:40:17,15,15,0,AUTO,ALARM : NORMAL,Traffic Stable
21:40:17,15,15,0,AUTO,ALARM : NORMAL,Traffic Stable
21:40:17,15,15,0,AUTO,ALARM : NORMAL,Traffic Stable
21:40:17,15,15,0,AUTO,ALARM : NORMAL,Traffic Stable
21:40:17,15,15,0,AUTO,ALARM : NORMAL,Traffic Stable
21:40:17,15,15,0,AUTO,ALARM : NORMAL,Traffic Stable
21:40:17,15,15,0,AUTO,ALARM : NORMAL,Traffic Stable
21:40:17,15,15,0,AUTO,ALARM : NORMAL,Traffic Stable
21:40:17,15,15,0,AUTO,ALARM : NORMAL,Traffic Stable
21:40:17,15,15,0,AUTO,ALARM : NORMAL,Traffic Stable
21:40:17,15,15,0,AUTO,ALARM : NORMAL,Traffic Stable
21:40:17,15,15,0,AUTO,ALARM : NORMAL,Traffic Stable
21:40:17,15,15,0,AUTO,ALARM : NORMAL,Traffic Stable
21:40:17,15,15,0,AUTO,ALARM : NORMAL,Traffic Stable
21:40:18,15,15,0,AUTO,ALARM : NORMAL,Traffic Stable
21:40:18,15,15,0,AUTO,ALARM : NORMAL,Traffic Stable
21:40:18,15,15,0,AUTO,ALARM : NORMAL,Traffic Stable
21:40:18,15,15,0,AUTO,ALARM : NORMAL,Traffic Stable
21:40:18,15,15,0,AUTO,ALARM : NORMAL,Traffic Stable
21:40:18,15,15,0,AUTO,ALARM : NORMAL,Traffic Stable
21:40:18,15,15,0,AUTO,ALARM : NORMAL,Traffic Stable
21:40:18,15,15,0,AUTO,ALARM : NORMAL,Traffic Stable
21:40:18,15,15,0,AUTO,ALARM : NORMAL,Traffic Stable
21:40:18,15,15,0,AUTO,ALARM : NORMAL,Traffic Stable
21:40:18,15,15,0,AUTO,ALARM : NORMAL,Traffic Stable
21:40:18,15,15,0,AUTO,ALARM : NORMAL,Traffic Stable
21:40:18,15,15,0,AUTO,ALARM : NORMAL,Traffic Stable
21:40:18,15,15,0,AUTO,ALARM : NORMAL,Traffic Stable
21:40:18,15,15,0,AUTO,ALARM : NORMAL,Traffic Stable
21:40:18,15,15,0,AUTO,ALARM : NORMAL,Traffic Stable
21:40:18,15,15,0,AUTO,ALARM : NORMAL,Traffic Stable
21:40:18,15,15,0,AUTO,ALARM : NORMAL,Traffic Stable
21:40:18,15,15,0,AUTO,ALARM : NORMAL,Traffic Stable
21:40:18,15,15,0,AUTO,ALARM : NORMAL,Traffic Stable
21:40:18,15,15,0,AUTO,ALARM : NORMAL,Traffic Stable
21:40:18,15,15,0,AUTO,ALARM : NORMAL,Traffic Stable
21:40:18,15,15,0,AUTO,ALARM : NORMAL,Traffic Stable
21:40:18,15,15,0,AUTO,ALARM : NORMAL,Traffic Stable
21:40:18,15,15,0,AUTO,ALARM : NORMAL,Traffic Stable
21:40:18,15,15,0,AUTO,ALARM : NORMAL,Traffic Stable
21:40:18,17,15,0,AUTO,ALARM : NORMAL,Traffic Stable
21:40:18,17,15,0,AUTO,ALARM : NORMAL,Traffic Stable
21:40:18,17,15,0,AUTO,ALARM : NORMAL,Traffic Stable
21:40:18,17,15,0,AUTO,ALARM : NORMAL,Traffic Stable
21:40:18,17,15,0,AUTO,ALARM : NORMAL,Traffic Stable
21:40:19,17,15,0,AUTO,ALARM : NORMAL,Traffic Stable
21:40:19,17,15,0,AUTO,ALARM : NORMAL,Traffic Stable
21:40:19,17,15,0,AUTO,ALARM : NORMAL,Traffic Stable
21:40:19,17,15,0,AUTO,ALARM : NORMAL,Traffic Stable
21:40:19,17,15,0,AUTO,ALARM : NORMAL,Traffic Stable
21:40:19,17,15,0,AUTO,ALARM : NORMAL,Traffic Stable
21:40:19,17,15,0,AUTO,ALARM : NORMAL,Traffic Stable
21:40:19,17,15,0,AUTO,ALARM : NORMAL,Traffic Stable
21:40:19,17,15,0,AUTO,ALARM : NORMAL,Traffic Stable
21:40:19,17,15,0,AUTO,ALARM : NORMAL,Traffic Stable
21:40:19,17,15,0,AUTO,ALARM : NORMAL,Traffic Stable
21:40:19,17,15,0,AUTO,ALARM : NORMAL,Traffic Stable
21:40:19,17,15,0,AUTO,ALARM : NORMAL,Traffic Stable
21:40:19,17,15,0,AUTO,ALARM : NORMAL,Traffic Stable
21:40:19,17,15,0,AUTO,ALARM : NORMAL,Traffic Stable
21:40:19,17,15,0,AUTO,ALARM : NORMAL,Traffic Stable
21:40:19,17,15,0,AUTO,ALARM : NORMAL,Traffic Stable
21:40:19,17,15,0,AUTO,ALARM : NORMAL,Traffic Stable
21:40:19,17,15,0,AUTO,ALARM : NORMAL,Traffic Stable
21:40:19,17,15,0,AUTO,ALARM : NORMAL,Traffic Stable
21:40:19,17,15,0,AUTO,ALARM : NORMAL,Traffic Stable
21:40:19,17,15,0,AUTO,ALARM : NORMAL,Traffic Stable
21:40:19,17,15,0,AUTO,ALARM : NORMAL,Traffic Stable
21:40:19,17,15,0,AUTO,ALARM : NORMAL,Traffic Stable
21:40:19,17,15,0,AUTO,ALARM : NORMAL,Traffic Stable
21:40:19,17,15,0,AUTO,ALARM : NORMAL,Traffic Stable
21:40:19,17,15,0,AUTO,ALARM : NORMAL,Traffic Stable
21:40:19,17,15,0,AUTO,ALARM : NORMAL,Traffic Stable
21:40:19,17,15,0,AUTO,ALARM : NORMAL,Traffic Stable
21:40:19,17,15,0,AUTO,ALARM : NORMAL,Traffic Stable
21:40:20,17,15,0,AUTO,ALARM : NORMAL,Traffic Stable
21:40:20,17,15,0,AUTO,ALARM : NORMAL,Traffic Stable
21:40:20,17,15,0,AUTO,ALARM : NORMAL,Traffic Stable
21:40:20,17,15,0,AUTO,ALARM : NORMAL,Traffic Stable
21:40:20,17,15,0,AUTO,ALARM : NORMAL,Traffic Stable
21:40:20,17,15,0,AUTO,ALARM : NORMAL,Traffic Stable
21:40:20,17,15,0,AUTO,ALARM : NORMAL,Traffic Stable
21:40:20,17,15,0,AUTO,ALARM : NORMAL,Traffic Stable
21:40:20,17,15,0,AUTO,ALARM : NORMAL,Traffic Stable
21:40:20,17,15,0,AUTO,ALARM : NORMAL,Traffic Stable
21:40:20,17,15,0,AUTO,ALARM : NORMAL,Traffic Stable
21:40:20,17,15,0,AUTO,ALARM : NORMAL,Traffic Stable
21:40:20,17,15,0,AUTO,ALARM : NORMAL,Traffic Stable
21:40:20,17,15,0,AUTO,ALARM : NORMAL,Traffic Stable
21:40:20,17,15,0,AUTO,ALARM : NORMAL,Traffic Stable
21:40:20,17,15,0,AUTO,ALARM : NORMAL,Traffic Stable
21:40:20,17,15,0,AUTO,ALARM : NORMAL,Traffic Stable
21:40:20,17,15,0,AUTO,ALARM : NORMAL,Traffic Stable
21:40:20,17,15,0,AUTO,ALARM : NORMAL,Traffic Stable
21:40:20,17,15,0,AUTO,ALARM : NORMAL,Traffic Stable
21:40:20,17,15,0,AUTO,ALARM : NORMAL,Traffic Stable
21:40:20,17,15,0,AUTO,ALARM : NORMAL,Traffic Stable
21:40:20,17,15,0,AUTO,ALARM : NORMAL,Traffic Stable
21:40:20,17,15,0,AUTO,ALARM : NORMAL,Traffic Stable
21:40:20,17,15,0,AUTO,ALARM : NORMAL,Traffic Stable
21:40:20,17,15,0,AUTO,ALARM : NORMAL,Traffic Stable
21:40:20,17,15,0,AUTO,ALARM : NORMAL,Traffic Stable
21:40:20,17,15,0,AUTO,ALARM : NORMAL,Traffic Stable
21:40:20,17,15,0,AUTO,ALARM : NORMAL,Traffic Stable
21:40:20,17,15,0,AUTO,ALARM : NORMAL,Traffic Stable
21:40:20,17,15,0,AUTO,ALARM : NORMAL,Traffic Stable
21:40:20,17,15,0,AUTO,ALARM : NORMAL,Traffic Stable
21:40:21,17,15,0,AUTO,ALARM : NORMAL,Traffic Stable
21:40:21,17,15,0,AUTO,ALARM : NORMAL,Traffic Stable
21:40:21,17,15,0,AUTO,ALARM : NORMAL,Traffic Stable
21:40:21,17,15,0,AUTO,ALARM : NORMAL,Traffic Stable
21:40:21,17,15,0,AUTO,ALARM : NORMAL,Traffic Stable
21:40:21,17,15,0,AUTO,ALARM : NORMAL,Traffic Stable
21:40:21,17,15,0,AUTO,ALARM : NORMAL,Traffic Stable
21:40:21,17,15,0,AUTO,ALARM : NORMAL,Traffic Stable
21:40:21,17,15,0,AUTO,ALARM : NORMAL,Traffic Stable
21:40:21,17,15,0,AUTO,ALARM : NORMAL,Traffic Stable
21:40:21,17,15,0,AUTO,ALARM : NORMAL,Traffic Stable
21:40:21,17,15,0,AUTO,ALARM : NORMAL,Traffic Stable
21:40:21,17,15,0,AUTO,ALARM : NORMAL,Traffic Stable
21:40:21,17,15,0,AUTO,ALARM : NORMAL,Traffic Stable
21:40:21,17,15,0,AUTO,ALARM : NORMAL,Traffic Stable
21:40:21,17,15,0,AUTO,ALARM : NORMAL,Traffic Stable
21:40:21,17,15,0,AUTO,ALARM : NORMAL,Traffic Stable
21:40:21,17,15,0,AUTO,ALARM : NORMAL,Traffic Stable
21:40:21,17,15,0,AUTO,ALARM : NORMAL,Traffic Stable
21:40:21,17,15,0,AUTO,ALARM : NORMAL,Traffic Stable
21:40:21,17,15,0,AUTO,ALARM : NORMAL,Traffic Stable
21:40:21,17,15,0,AUTO,ALARM : NORMAL,Traffic Stable
21:40:21,17,15,0,AUTO,ALARM : NORMAL,Traffic Stable
21:40:21,17,15,0,AUTO,ALARM : NORMAL,Traffic Stable
21:40:21,17,15,0,AUTO,ALARM : NORMAL,Traffic Stable
21:40:21,17,15,0,AUTO,ALARM : NORMAL,Traffic Stable
21:40:21,17,15,0,AUTO,ALARM : NORMAL,Traffic Stable
21:40:21,17,15,0,AUTO,ALARM : NORMAL,Traffic Stable
21:40:21,17,15,0,AUTO,ALARM : NORMAL,Traffic Stable
21:40:21,17,15,0,AUTO,ALARM : NORMAL,Traffic Stable
21:40:22,17,15,0,AUTO,ALARM : NORMAL,Traffic Stable
21:40:22,17,15,0,AUTO,ALARM : NORMAL,Traffic Stable
21:40:22,17,15,0,AUTO,ALARM : NORMAL,Traffic Stable
21:40:22,17,15,0,AUTO,ALARM : NORMAL,Traffic Stable
21:40:22,17,15,0,AUTO,ALARM : NORMAL,Traffic Stable
21:40:22,17,15,0,AUTO,ALARM : NORMAL,Traffic Stable
21:40:22,17,15,0,AUTO,ALARM : NORMAL,Traffic Stable
21:40:22,17,15,0,AUTO,ALARM : NORMAL,Traffic Stable
21:40:22,17,15,0,AUTO,ALARM : NORMAL,Traffic Stable
21:40:22,17,15,0,AUTO,ALARM : NORMAL,Traffic Stable
21:40:22,17,15,0,AUTO,ALARM : NORMAL,Traffic Stable
21:40:22,17,15,0,AUTO,ALARM : NORMAL,Traffic Stable
21:40:22,17,15,0,AUTO,ALARM : NORMAL,Traffic Stable
21:40:22,17,15,0,AUTO,ALARM : NORMAL,Traffic Stable
21:40:22,17,15,0,AUTO,ALARM : NORMAL,Traffic Stable
21:40:22,17,15,0,AUTO,ALARM : NORMAL,Traffic Stable
21:40:22,17,15,0,AUTO,ALARM : NORMAL,Traffic Stable
21:40:22,17,15,0,AUTO,ALARM : NORMAL,Traffic Stable
21:40:22,17,15,0,AUTO,ALARM : NORMAL,Traffic Stable
21:40:22,17,15,0,AUTO,ALARM : NORMAL,Traffic Stable
21:40:22,17,15,0,AUTO,ALARM : NORMAL,Traffic Stable
21:40:22,17,15,0,AUTO,ALARM : NORMAL,Traffic Stable
21:40:22,17,15,0,AUTO,ALARM : NORMAL,Traffic Stable
21:40:22,17,15,0,AUTO,ALARM : NORMAL,Traffic Stable
21:40:22,17,15,0,AUTO,ALARM : NORMAL,Traffic Stable
21:40:22,17,15,0,AUTO,ALARM : NORMAL,Traffic Stable
21:40:22,17,15,0,AUTO,ALARM : NORMAL,Traffic Stable
21:40:22,17,15,0,AUTO,ALARM : NORMAL,Traffic Stable
21:40:22,17,15,0,AUTO,ALARM : NORMAL,Traffic Stable
21:40:22,17,15,0,AUTO,ALARM : NORMAL,Traffic Stable
21:40:22,17,15,0,AUTO,ALARM : NORMAL,Traffic Stable
21:40:22,17,15,0,AUTO,ALARM : NORMAL,Traffic Stable
21:40:23,17,15,0,AUTO,ALARM : NORMAL,Traffic Stable
21:40:23,17,15,0,AUTO,ALARM : NORMAL,Traffic Stable
21:40:23,17,15,0,AUTO,ALARM : NORMAL,Traffic Stable
21:40:23,17,15,0,AUTO,ALARM : NORMAL,Traffic Stable
21:40:23,17,15,0,AUTO,ALARM : NORMAL,Traffic Stable
21:40:23,17,15,0,AUTO,ALARM : NORMAL,Traffic Stable
21:40:23,17,15,0,AUTO,ALARM : NORMAL,Traffic Stable
21:40:23,17,15,0,AUTO,ALARM : NORMAL,Traffic Stable
21:40:23,17,15,0,AUTO,ALARM : NORMAL,Traffic Stable
21:40:23,17,15,0,AUTO,ALARM : NORMAL,Traffic Stable
21:40:23,17,15,0,AUTO,ALARM : NORMAL,Traffic Stable
21:40:23,17,15,0,AUTO,ALARM : NORMAL,Traffic Stable
21:40:23,17,15,0,AUTO,ALARM : NORMAL,Traffic Stable
21:40:23,17,15,0,AUTO,ALARM : NORMAL,Traffic Stable
21:40:23,17,15,0,AUTO,ALARM : NORMAL,Traffic Stable
21:40:23,17,15,0,AUTO,ALARM : NORMAL,Traffic Stable
21:40:23,17,15,0,AUTO,ALARM : NORMAL,Traffic Stable
21:40:23,17,15,0,AUTO,ALARM : NORMAL,Traffic Stable
21:40:23,17,15,0,AUTO,ALARM : NORMAL,Traffic Stable
21:40:23,17,15,0,AUTO,ALARM : NORMAL,Traffic Stable
21:40:23,17,15,0,AUTO,ALARM : NORMAL,Traffic Stable
21:40:23,17,15,0,AUTO,ALARM : NORMAL,Traffic Stable
21:40:23,17,15,0,AUTO,ALARM : NORMAL,Traffic Stable
21:40:23,17,15,0,AUTO,ALARM : NORMAL,Traffic Stable
21:40:24,17,15,0,AUTO,ALARM : NORMAL,Traffic Stable
21:40:24,17,15,0,AUTO,ALARM : NORMAL,Traffic Stable
21:40:24,17,15,0,AUTO,ALARM : NORMAL,Traffic Stable
21:40:24,17,15,0,AUTO,ALARM : NORMAL,Traffic Stable
21:40:24,17,15,0,AUTO,ALARM : NORMAL,Traffic Stable
21:40:24,17,15,0,AUTO,ALARM : NORMAL,Traffic Stable
21:40:24,17,15,0,AUTO,ALARM : NORMAL,Traffic Stable
21:40:24,17,15,0,AUTO,ALARM : NORMAL,Traffic Stable
21:40:24,17,15,0,AUTO,ALARM : NORMAL,Traffic Stable
21:40:24,17,15,0,AUTO,ALARM : NORMAL,Traffic Stable
21:40:24,17,15,0,AUTO,ALARM : NORMAL,Traffic Stable
21:40:24,17,15,0,AUTO,ALARM : NORMAL,Traffic Stable
21:40:24,17,15,0,AUTO,ALARM : NORMAL,Traffic Stable
21:40:24,17,15,0,AUTO,ALARM : NORMAL,Traffic Stable
21:40:24,17,15,0,AUTO,ALARM : NORMAL,Traffic Stable
21:40:24,17,15,0,AUTO,ALARM : NORMAL,Traffic Stable
21:40:24,17,15,0,AUTO,ALARM : NORMAL,Traffic Stable
21:40:24,17,15,0,AUTO,ALARM : NORMAL,Traffic Stable
21:40:24,17,15,0,AUTO,ALARM : NORMAL,Traffic Stable
21:40:24,17,15,0,AUTO,ALARM : NORMAL,Traffic Stable
21:40:24,17,15,0,AUTO,ALARM : NORMAL,Traffic Stable
21:40:24,17,15,0,AUTO,ALARM : NORMAL,Traffic Stable
21:40:24,17,15,0,AUTO,ALARM : NORMAL,Traffic Stable
21:40:24,17,15,0,AUTO,ALARM : NORMAL,Traffic Stable
21:40:24,17,15,0,AUTO,ALARM : NORMAL,Traffic Stable
21:40:24,17,15,0,AUTO,ALARM : NORMAL,Traffic Stable
21:40:24,17,15,0,AUTO,ALARM : NORMAL,Traffic Stable
21:40:24,17,15,0,AUTO,ALARM : NORMAL,Traffic Stable
21:40:24,17,15,0,AUTO,ALARM : NORMAL,Traffic Stable
21:40:24,17,15,0,AUTO,ALARM : NORMAL,Traffic Stable
21:40:25,17,15,0,AUTO,ALARM : NORMAL,Traffic Stable
21:40:25,17,15,0,AUTO,ALARM : NORMAL,Traffic Stable
21:40:25,17,15,0,AUTO,ALARM : NORMAL,Traffic Stable
21:40:25,17,15,0,AUTO,ALARM : NORMAL,Traffic Stable
21:40:25,17,15,0,AUTO,ALARM : NORMAL,Traffic Stable
21:40:25,17,15,0,AUTO,ALARM : NORMAL,Traffic Stable
21:40:25,17,15,0,AUTO,ALARM : NORMAL,Traffic Stable
21:40:25,17,15,0,AUTO,ALARM : NORMAL,Traffic Stable
21:40:25,17,15,0,AUTO,ALARM : NORMAL,Traffic Stable
21:40:25,17,15,0,AUTO,ALARM : NORMAL,Traffic Stable
21:40:25,17,15,0,AUTO,ALARM : NORMAL,Traffic Stable
21:40:25,17,15,0,AUTO,ALARM : NORMAL,Traffic Stable
21:40:25,17,15,0,AUTO,ALARM : NORMAL,Traffic Stable
21:40:25,17,15,0,AUTO,ALARM : NORMAL,Traffic Stable
21:40:25,17,15,0,AUTO,ALARM : NORMAL,Traffic Stable
21:40:25,17,15,0,AUTO,ALARM : NORMAL,Traffic Stable
21:40:25,17,15,0,AUTO,ALARM : NORMAL,Traffic Stable
21:40:25,17,15,0,AUTO,ALARM : NORMAL,Traffic Stable
21:40:25,17,15,0,AUTO,ALARM : NORMAL,Traffic Stable
21:40:25,17,15,0,AUTO,ALARM : NORMAL,Traffic Stable
21:40:25,17,15,0,AUTO,ALARM : NORMAL,Traffic Stable
21:40:25,17,15,0,AUTO,ALARM : NORMAL,Traffic Stable
21:40:25,17,15,0,AUTO,ALARM : NORMAL,Traffic Stable
21:40:25,17,15,0,AUTO,ALARM : NORMAL,Traffic Stable
21:40:25,17,15,0,AUTO,ALARM : NORMAL,Traffic Stable
21:40:25,17,15,0,AUTO,ALARM : NORMAL,Traffic Stable
21:40:25,17,15,0,AUTO,ALARM : NORMAL,Traffic Stable
21:40:25,17,15,0,AUTO,ALARM : NORMAL,Traffic Stable
21:40:25,17,15,0,AUTO,ALARM : NORMAL,Traffic Stable
21:40:25,17,15,0,AUTO,ALARM : NORMAL,Traffic Stable
21:40:25,17,15,0,AUTO,ALARM : NORMAL,Traffic Stable
21:40:25,17,15,0,AUTO,ALARM : NORMAL,Traffic Stable
21:40:26,17,15,0,AUTO,ALARM : NORMAL,Traffic Stable
21:40:26,17,15,0,AUTO,ALARM : NORMAL,Traffic Stable
21:40:26,17,15,0,AUTO,ALARM : NORMAL,Traffic Stable
21:40:26,17,15,0,AUTO,ALARM : NORMAL,Traffic Stable
21:40:26,17,15,0,AUTO,ALARM : NORMAL,Traffic Stable
21:40:26,17,15,0,AUTO,ALARM : NORMAL,Traffic Stable
21:40:26,17,15,0,AUTO,ALARM : NORMAL,Traffic Stable
21:40:26,17,15,0,AUTO,ALARM : NORMAL,Traffic Stable
21:40:26,17,15,0,AUTO,ALARM : NORMAL,Traffic Stable
21:40:26,17,15,0,AUTO,ALARM : NORMAL,Traffic Stable
21:40:26,17,15,0,AUTO,ALARM : NORMAL,Traffic Stable
21:40:26,17,15,0,AUTO,ALARM : NORMAL,Traffic Stable
21:40:26,17,15,0,AUTO,ALARM : NORMAL,Traffic Stable
21:40:26,17,15,0,AUTO,ALARM : NORMAL,Traffic Stable
21:40:26,17,15,0,AUTO,ALARM : NORMAL,Traffic Stable
21:40:26,17,15,0,AUTO,ALARM : NORMAL,Traffic Stable
21:40:26,17,15,0,AUTO,ALARM : NORMAL,Traffic Stable
21:40:26,17,15,0,AUTO,ALARM : NORMAL,Traffic Stable
21:40:26,17,15,0,AUTO,ALARM : NORMAL,Traffic Stable
21:40:26,17,15,0,AUTO,ALARM : NORMAL,Traffic Stable
21:40:26,17,15,0,AUTO,ALARM : NORMAL,Traffic Stable
21:40:26,17,15,0,AUTO,ALARM : NORMAL,Traffic Stable
21:40:26,17,15,0,AUTO,ALARM : NORMAL,Traffic Stable
21:40:26,17,15,0,AUTO,ALARM : NORMAL,Traffic Stable
21:40:26,17,15,0,AUTO,ALARM : NORMAL,Traffic Stable
21:40:26,17,15,0,AUTO,ALARM : NORMAL,Traffic Stable
21:40:26,17,15,0,AUTO,ALARM : NORMAL,Traffic Stable
21:40:26,17,15,0,AUTO,ALARM : NORMAL,Traffic Stable
21:40:26,17,15,0,AUTO,ALARM : NORMAL,Traffic Stable
21:40:26,17,15,0,AUTO,ALARM : NORMAL,Traffic Stable
21:40:27,17,15,0,AUTO,ALARM : NORMAL,Traffic Stable
21:40:27,17,15,0,AUTO,ALARM : NORMAL,Traffic Stable
21:40:27,17,15,0,AUTO,ALARM : NORMAL,Traffic Stable
21:40:27,17,15,0,AUTO,ALARM : NORMAL,Traffic Stable
21:40:27,17,15,0,AUTO,ALARM : NORMAL,Traffic Stable
21:40:27,17,15,0,AUTO,ALARM : NORMAL,Traffic Stable
21:40:27,17,15,0,AUTO,ALARM : NORMAL,Traffic Stable
21:40:27,17,15,0,AUTO,ALARM : NORMAL,Traffic Stable
21:40:27,17,15,0,AUTO,ALARM : NORMAL,Traffic Stable
21:40:27,17,15,0,AUTO,ALARM : NORMAL,Traffic Stable
21:40:27,17,15,0,AUTO,ALARM : NORMAL,Traffic Stable
21:40:27,17,15,0,AUTO,ALARM : NORMAL,Traffic Stable
21:40:27,17,15,0,AUTO,ALARM : NORMAL,Traffic Stable
21:40:27,17,15,0,AUTO,ALARM : NORMAL,Traffic Stable
21:40:27,17,15,0,AUTO,ALARM : NORMAL,Traffic Stable
21:40:27,17,15,0,AUTO,ALARM : NORMAL,Traffic Stable
21:40:27,17,15,0,AUTO,ALARM : NORMAL,Traffic Stable
21:40:27,17,15,0,AUTO,ALARM : NORMAL,Traffic Stable
21:40:27,17,15,0,AUTO,ALARM : NORMAL,Traffic Stable
21:40:27,17,15,0,AUTO,ALARM : NORMAL,Traffic Stable
21:40:27,17,15,0,AUTO,ALARM : NORMAL,Traffic Stable
21:40:27,17,15,0,AUTO,ALARM : NORMAL,Traffic Stable
21:40:27,17,15,0,AUTO,ALARM : NORMAL,Traffic Stable
21:40:27,17,15,0,AUTO,ALARM : NORMAL,Traffic Stable
21:40:27,17,15,0,AUTO,ALARM : NORMAL,Traffic Stable
21:40:27,17,15,0,AUTO,ALARM : NORMAL,Traffic Stable
21:40:27,17,15,0,AUTO,ALARM : NORMAL,Traffic Stable
21:40:27,17,15,0,AUTO,ALARM : NORMAL,Traffic Stable
21:40:27,17,15,0,AUTO,ALARM : NORMAL,Traffic Stable
21:40:27,17,15,0,AUTO,ALARM : NORMAL,Traffic Stable
21:40:27,17,15,0,AUTO,ALARM : NORMAL,Traffic Stable
21:40:27,17,15,0,AUTO,ALARM : NORMAL,Traffic Stable
21:40:28,17,15,0,AUTO,ALARM : NORMAL,Traffic Stable
21:40:28,17,15,0,AUTO,ALARM : NORMAL,Traffic Stable
21:40:28,17,15,0,AUTO,ALARM : NORMAL,Traffic Stable
21:40:28,17,15,0,AUTO,ALARM : NORMAL,Traffic Stable
21:40:28,17,15,0,AUTO,ALARM : NORMAL,Traffic Stable
21:40:28,17,15,0,AUTO,ALARM : NORMAL,Traffic Stable
21:40:28,17,15,0,AUTO,ALARM : NORMAL,Traffic Stable
21:40:28,17,15,0,AUTO,ALARM : NORMAL,Traffic Stable
21:40:28,17,15,0,AUTO,ALARM : NORMAL,Traffic Stable
21:40:28,17,15,0,AUTO,ALARM : NORMAL,Traffic Stable
21:40:28,17,15,0,AUTO,ALARM : NORMAL,Traffic Stable
21:40:28,17,15,0,AUTO,ALARM : NORMAL,Traffic Stable
21:40:28,17,15,0,AUTO,ALARM : NORMAL,Traffic Stable
21:40:28,17,15,0,AUTO,ALARM : NORMAL,Traffic Stable
21:40:28,17,15,0,AUTO,ALARM : NORMAL,Traffic Stable
21:40:28,17,15,0,AUTO,ALARM : NORMAL,Traffic Stable
21:40:28,17,15,0,AUTO,ALARM : NORMAL,Traffic Stable
21:40:28,17,15,0,AUTO,ALARM : NORMAL,Traffic Stable
21:40:28,17,15,0,AUTO,ALARM : NORMAL,Traffic Stable
21:40:28,17,15,0,AUTO,ALARM : NORMAL,Traffic Stable
21:40:28,17,15,0,AUTO,ALARM : NORMAL,Traffic Stable
21:40:28,17,15,0,AUTO,ALARM : NORMAL,Traffic Stable
21:40:28,17,15,0,AUTO,ALARM : NORMAL,Traffic Stable
21:40:28,17,15,0,AUTO,ALARM : NORMAL,Traffic Stable
21:40:28,17,15,0,AUTO,ALARM : NORMAL,Traffic Stable
21:40:28,17,15,0,AUTO,ALARM : NORMAL,Traffic Stable
21:40:28,17,15,0,AUTO,ALARM : NORMAL,Traffic Stable
21:40:28,17,15,0,AUTO,ALARM : NORMAL,Traffic Stable
21:40:28,17,15,0,AUTO,ALARM : NORMAL,Traffic Stable
21:40:29,17,15,0,AUTO,ALARM : NORMAL,Traffic Stable
21:40:29,17,15,0,AUTO,ALARM : NORMAL,Traffic Stable
21:40:29,17,15,0,AUTO,ALARM : NORMAL,Traffic Stable
21:40:29,17,15,0,AUTO,ALARM : NORMAL,Traffic Stable
21:40:29,17,15,0,AUTO,ALARM : NORMAL,Traffic Stable
21:40:29,17,15,0,AUTO,ALARM : NORMAL,Traffic Stable
21:40:29,17,15,0,AUTO,ALARM : NORMAL,Traffic Stable
21:40:29,17,15,0,AUTO,ALARM : NORMAL,Traffic Stable
21:40:29,17,15,0,AUTO,ALARM : NORMAL,Traffic Stable
21:40:29,17,15,0,AUTO,ALARM : NORMAL,Traffic Stable
21:40:29,17,15,0,AUTO,ALARM : NORMAL,Traffic Stable
21:40:29,17,15,0,AUTO,ALARM : NORMAL,Traffic Stable
21:40:29,17,15,0,AUTO,ALARM : NORMAL,Traffic Stable
21:40:29,17,15,0,AUTO,ALARM : NORMAL,Traffic Stable
21:40:29,17,15,0,AUTO,ALARM : NORMAL,Traffic Stable
21:40:29,17,15,0,AUTO,ALARM : NORMAL,Traffic Stable
21:40:29,17,15,0,AUTO,ALARM : NORMAL,Traffic Stable
21:40:29,17,15,0,AUTO,ALARM : NORMAL,Traffic Stable
21:40:29,17,15,0,AUTO,ALARM : NORMAL,Traffic Stable
21:40:29,17,15,0,AUTO,ALARM : NORMAL,Traffic Stable
21:40:29,17,15,0,AUTO,ALARM : NORMAL,Traffic Stable
21:40:29,17,15,0,AUTO,ALARM : NORMAL,Traffic Stable
21:40:29,17,15,0,AUTO,ALARM : NORMAL,Traffic Stable
21:40:29,17,15,0,AUTO,ALARM : NORMAL,Traffic Stable
21:40:29,17,15,0,AUTO,ALARM : NORMAL,Traffic Stable
21:40:29,17,15,0,AUTO,ALARM : NORMAL,Traffic Stable
21:40:29,17,15,0,AUTO,ALARM : NORMAL,Traffic Stable
21:40:29,17,15,0,AUTO,ALARM : NORMAL,Traffic Stable
21:40:30,17,15,0,AUTO,ALARM : NORMAL,Traffic Stable
21:40:30,17,15,0,AUTO,ALARM : NORMAL,Traffic Stable
21:40:30,17,15,0,AUTO,ALARM : NORMAL,Traffic Stable
21:40:30,17,15,0,AUTO,ALARM : NORMAL,Traffic Stable
21:40:30,17,15,0,AUTO,ALARM : NORMAL,Traffic Stable
21:40:30,17,15,0,AUTO,ALARM : NORMAL,Traffic Stable
21:40:30,17,15,0,AUTO,ALARM : NORMAL,Traffic Stable
21:40:30,17,15,0,AUTO,ALARM : NORMAL,Traffic Stable
21:40:30,17,15,0,AUTO,ALARM : NORMAL,Traffic Stable
21:40:30,17,15,0,AUTO,ALARM : NORMAL,Traffic Stable
21:40:30,17,15,0,AUTO,ALARM : NORMAL,Traffic Stable
21:40:30,17,15,0,AUTO,ALARM : NORMAL,Traffic Stable
21:40:30,17,15,0,AUTO,ALARM : NORMAL,Traffic Stable
21:40:30,17,15,0,AUTO,ALARM : NORMAL,Traffic Stable
21:40:30,17,15,0,AUTO,ALARM : NORMAL,Traffic Stable
21:40:30,17,15,0,AUTO,ALARM : NORMAL,Traffic Stable
21:40:30,17,15,0,AUTO,ALARM : NORMAL,Traffic Stable
21:40:30,17,15,0,AUTO,ALARM : NORMAL,Traffic Stable
21:40:30,17,15,0,AUTO,ALARM : NORMAL,Traffic Stable
21:40:30,17,15,0,AUTO,ALARM : NORMAL,Traffic Stable
21:40:30,17,15,0,AUTO,ALARM : NORMAL,Traffic Stable
21:40:30,17,15,0,AUTO,ALARM : NORMAL,Traffic Stable
21:40:30,17,15,0,AUTO,ALARM : NORMAL,Traffic Stable
21:40:30,17,15,0,AUTO,ALARM : NORMAL,Traffic Stable
21:40:30,17,15,0,AUTO,ALARM : NORMAL,Traffic Stable
21:40:30,17,15,0,AUTO,ALARM : NORMAL,Traffic Stable
21:40:30,17,15,0,AUTO,ALARM : NORMAL,Traffic Stable
21:40:30,17,15,0,AUTO,ALARM : NORMAL,Traffic Stable
21:40:30,17,15,0,AUTO,ALARM : NORMAL,Traffic Stable
21:40:30,17,15,0,AUTO,ALARM : NORMAL,Traffic Stable
21:40:30,17,15,0,AUTO,ALARM : NORMAL,Traffic Stable
21:40:31,17,15,0,AUTO,ALARM : NORMAL,Traffic Stable
21:40:31,17,15,0,AUTO,ALARM : NORMAL,Traffic Stable
21:40:31,17,15,0,AUTO,ALARM : NORMAL,Traffic Stable
21:40:31,17,15,0,AUTO,ALARM : NORMAL,Traffic Stable
21:40:31,17,15,0,AUTO,ALARM : NORMAL,Traffic Stable
21:40:31,17,15,0,AUTO,ALARM : NORMAL,Traffic Stable
21:40:31,17,15,0,AUTO,ALARM : NORMAL,Traffic Stable
21:40:31,17,15,0,AUTO,ALARM : NORMAL,Traffic Stable
21:40:31,17,15,0,AUTO,ALARM : NORMAL,Traffic Stable
21:40:31,17,15,0,AUTO,ALARM : NORMAL,Traffic Stable
21:40:31,17,15,0,AUTO,ALARM : NORMAL,Traffic Stable
21:40:31,17,15,0,AUTO,ALARM : NORMAL,Traffic Stable
21:40:31,17,15,0,AUTO,ALARM : NORMAL,Traffic Stable
21:40:31,17,15,0,AUTO,ALARM : NORMAL,Traffic Stable
21:40:31,17,15,0,AUTO,ALARM : NORMAL,Traffic Stable
21:40:31,17,15,0,AUTO,ALARM : NORMAL,Traffic Stable
21:40:31,17,15,0,AUTO,ALARM : NORMAL,Traffic Stable
21:40:31,17,15,0,AUTO,ALARM : NORMAL,Traffic Stable
21:40:31,17,15,0,AUTO,ALARM : NORMAL,Traffic Stable
21:40:31,17,15,0,AUTO,ALARM : NORMAL,Traffic Stable
21:40:31,17,15,0,AUTO,ALARM : NORMAL,Traffic Stable
21:40:31,17,15,0,AUTO,ALARM : NORMAL,Traffic Stable
21:40:31,17,15,0,AUTO,ALARM : NORMAL,Traffic Stable
21:40:31,17,15,0,AUTO,ALARM : NORMAL,Traffic Stable
21:40:31,17,15,0,AUTO,ALARM : NORMAL,Traffic Stable
21:40:31,17,15,0,AUTO,ALARM : NORMAL,Traffic Stable
21:40:31,17,15,0,AUTO,ALARM : NORMAL,Traffic Stable
21:40:31,17,15,0,AUTO,ALARM : NORMAL,Traffic Stable
21:40:31,17,15,0,AUTO,ALARM : NORMAL,Traffic Stable
21:40:32,17,15,0,AUTO,ALARM : NORMAL,Traffic Stable
21:40:32,17,15,0,AUTO,ALARM : NORMAL,Traffic Stable
21:40:32,17,15,0,AUTO,ALARM : NORMAL,Traffic Stable
21:40:32,17,15,0,AUTO,ALARM : NORMAL,Traffic Stable
21:40:32,17,15,0,AUTO,ALARM : NORMAL,Traffic Stable
21:40:32,17,15,0,AUTO,ALARM : NORMAL,Traffic Stable
21:40:32,17,15,0,AUTO,ALARM : NORMAL,Traffic Stable
21:40:32,17,15,0,AUTO,ALARM : NORMAL,Traffic Stable
21:40:32,17,15,0,AUTO,ALARM : NORMAL,Traffic Stable
21:40:32,17,15,0,AUTO,ALARM : NORMAL,Traffic Stable
21:40:32,17,15,0,AUTO,ALARM : NORMAL,Traffic Stable
21:40:32,17,15,0,AUTO,ALARM : NORMAL,Traffic Stable
21:40:32,17,15,0,AUTO,ALARM : NORMAL,Traffic Stable
21:40:32,17,15,0,AUTO,ALARM : NORMAL,Traffic Stable
21:40:32,17,15,0,AUTO,ALARM : NORMAL,Traffic Stable
21:40:32,17,15,0,AUTO,ALARM : NORMAL,Traffic Stable
21:40:32,17,15,0,AUTO,ALARM : NORMAL,Traffic Stable
21:40:32,17,15,0,AUTO,ALARM : NORMAL,Traffic Stable
21:40:32,17,15,0,AUTO,ALARM : NORMAL,Traffic Stable
21:40:32,17,15,0,AUTO,ALARM : NORMAL,Traffic Stable
21:40:32,17,15,0,AUTO,ALARM : NORMAL,Traffic Stable
21:40:32,17,15,0,AUTO,ALARM : NORMAL,Traffic Stable
21:40:32,17,15,0,AUTO,ALARM : NORMAL,Traffic Stable
21:40:32,17,15,0,AUTO,ALARM : NORMAL,Traffic Stable
21:40:32,17,15,0,AUTO,ALARM : NORMAL,Traffic Stable
21:40:32,17,15,0,AUTO,ALARM : NORMAL,Traffic Stable
21:40:32,17,15,0,AUTO,ALARM : NORMAL,Traffic Stable
21:40:32,17,15,0,AUTO,ALARM : NORMAL,Traffic Stable
21:40:32,17,15,0,AUTO,ALARM : NORMAL,Traffic Stable
21:40:32,17,15,0,AUTO,ALARM : NORMAL,Traffic Stable
21:40:32,17,15,0,AUTO,ALARM : NORMAL,Traffic Stable
21:40:33,17,15,0,AUTO,ALARM : NORMAL,Traffic Stable
21:40:33,17,15,0,AUTO,ALARM : NORMAL,Traffic Stable
21:40:33,17,15,0,AUTO,ALARM : NORMAL,Traffic Stable
21:40:33,17,15,0,AUTO,ALARM : NORMAL,Traffic Stable
21:40:33,17,15,0,AUTO,ALARM : NORMAL,Traffic Stable
21:40:33,17,15,0,AUTO,ALARM : NORMAL,Traffic Stable
21:40:33,17,15,0,AUTO,ALARM : NORMAL,Traffic Stable
21:40:33,17,15,0,AUTO,ALARM : NORMAL,Traffic Stable
21:40:33,17,15,0,AUTO,ALARM : NORMAL,Traffic Stable
21:40:33,17,15,0,AUTO,ALARM : NORMAL,Traffic Stable
21:40:33,17,15,0,AUTO,ALARM : NORMAL,Traffic Stable
21:40:33,17,15,0,AUTO,ALARM : NORMAL,Traffic Stable
21:40:33,17,15,0,AUTO,ALARM : NORMAL,Traffic Stable
21:40:33,17,15,0,AUTO,ALARM : NORMAL,Traffic Stable
21:40:33,17,15,0,AUTO,ALARM : NORMAL,Traffic Stable
21:40:33,17,15,0,AUTO,ALARM : NORMAL,Traffic Stable
21:40:33,17,15,0,AUTO,ALARM : NORMAL,Traffic Stable
21:40:33,17,15,0,AUTO,ALARM : NORMAL,Traffic Stable
21:40:33,17,15,0,AUTO,ALARM : NORMAL,Traffic Stable
21:40:33,17,15,0,AUTO,ALARM : NORMAL,Traffic Stable
21:40:33,17,15,0,AUTO,ALARM : NORMAL,Traffic Stable
21:40:33,17,15,0,AUTO,ALARM : NORMAL,Traffic Stable
21:40:33,17,15,0,AUTO,ALARM : NORMAL,Traffic Stable
21:40:33,17,15,0,AUTO,ALARM : NORMAL,Traffic Stable
21:40:33,17,15,0,AUTO,ALARM : NORMAL,Traffic Stable
21:40:33,17,15,0,AUTO,ALARM : NORMAL,Traffic Stable
21:40:33,17,15,0,AUTO,ALARM : NORMAL,Traffic Stable
21:40:33,17,15,0,AUTO,ALARM : NORMAL,Traffic Stable
21:40:33,17,15,0,AUTO,ALARM : NORMAL,Traffic Stable
21:40:34,17,15,0,AUTO,ALARM : NORMAL,Traffic Stable
21:40:34,17,15,0,AUTO,ALARM : NORMAL,Traffic Stable
21:40:34,17,15,0,AUTO,ALARM : NORMAL,Traffic Stable
21:40:34,17,15,0,AUTO,ALARM : NORMAL,Traffic Stable
21:40:34,17,15,0,AUTO,ALARM : NORMAL,Traffic Stable
21:40:34,17,15,0,AUTO,ALARM : NORMAL,Traffic Stable
21:40:34,17,15,0,AUTO,ALARM : NORMAL,Traffic Stable
21:40:34,17,15,0,AUTO,ALARM : NORMAL,Traffic Stable
21:40:34,17,15,0,AUTO,ALARM : NORMAL,Traffic Stable
21:40:34,17,15,0,AUTO,ALARM : NORMAL,Traffic Stable
21:40:34,17,15,0,AUTO,ALARM : NORMAL,Traffic Stable
21:40:34,17,15,0,AUTO,ALARM : NORMAL,Traffic Stable
21:40:34,17,15,0,AUTO,ALARM : NORMAL,Traffic Stable
21:40:34,17,15,0,AUTO,ALARM : NORMAL,Traffic Stable
21:40:34,17,15,0,AUTO,ALARM : NORMAL,Traffic Stable
21:40:34,17,15,0,AUTO,ALARM : NORMAL,Traffic Stable
21:40:34,17,15,0,AUTO,ALARM : NORMAL,Traffic Stable
21:40:34,17,15,0,AUTO,ALARM : NORMAL,Traffic Stable
21:40:34,17,15,0,AUTO,ALARM : NORMAL,Traffic Stable
21:40:34,17,15,0,AUTO,ALARM : NORMAL,Traffic Stable
21:40:34,17,15,0,AUTO,ALARM : NORMAL,Traffic Stable
21:40:34,17,15,0,AUTO,ALARM : NORMAL,Traffic Stable
21:40:34,17,15,0,AUTO,ALARM : NORMAL,Traffic Stable
21:40:34,17,15,0,AUTO,ALARM : NORMAL,Traffic Stable
21:40:34,17,15,0,AUTO,ALARM : NORMAL,Traffic Stable
21:40:34,17,15,0,AUTO,ALARM : NORMAL,Traffic Stable
21:40:34,17,15,0,AUTO,ALARM : NORMAL,Traffic Stable
21:40:34,17,15,0,AUTO,ALARM : NORMAL,Traffic Stable
21:40:34,17,15,0,AUTO,ALARM : NORMAL,Traffic Stable
21:40:34,17,15,0,AUTO,ALARM : NORMAL,Traffic Stable
21:40:34,17,15,0,AUTO,ALARM : NORMAL,Traffic Stable
21:40:35,17,15,0,AUTO,ALARM : NORMAL,Traffic Stable
21:40:35,17,15,0,AUTO,ALARM : NORMAL,Traffic Stable
21:40:35,17,15,0,AUTO,ALARM : NORMAL,Traffic Stable
21:40:35,17,15,0,AUTO,ALARM : NORMAL,Traffic Stable
21:40:35,17,15,0,AUTO,ALARM : NORMAL,Traffic Stable
21:40:35,17,15,0,AUTO,ALARM : NORMAL,Traffic Stable
21:40:35,17,15,0,AUTO,ALARM : NORMAL,Traffic Stable
21:40:35,17,15,0,AUTO,ALARM : NORMAL,Traffic Stable
21:40:35,17,15,0,AUTO,ALARM : NORMAL,Traffic Stable
21:40:35,17,15,0,AUTO,ALARM : NORMAL,Traffic Stable
21:40:35,17,15,0,AUTO,ALARM : NORMAL,Traffic Stable
21:40:35,17,15,0,AUTO,ALARM : NORMAL,Traffic Stable
21:40:35,17,15,0,AUTO,ALARM : NORMAL,Traffic Stable
21:40:35,17,15,0,AUTO,ALARM : NORMAL,Traffic Stable
21:40:35,17,15,0,AUTO,ALARM : NORMAL,Traffic Stable
21:40:35,17,15,0,AUTO,ALARM : NORMAL,Traffic Stable
21:40:35,17,15,0,AUTO,ALARM : NORMAL,Traffic Stable
21:40:35,17,15,0,AUTO,ALARM : NORMAL,Traffic Stable
21:40:35,17,15,0,AUTO,ALARM : NORMAL,Traffic Stable
21:40:35,17,15,0,AUTO,ALARM : NORMAL,Traffic Stable
21:40:35,17,15,0,AUTO,ALARM : NORMAL,Traffic Stable
21:40:35,17,15,0,AUTO,ALARM : NORMAL,Traffic Stable
21:40:35,17,15,0,AUTO,ALARM : NORMAL,Traffic Stable
21:40:35,17,15,0,AUTO,ALARM : NORMAL,Traffic Stable
21:40:35,17,15,0,AUTO,ALARM : NORMAL,Traffic Stable
21:40:35,17,15,0,AUTO,ALARM : NORMAL,Traffic Stable
21:40:35,17,15,0,AUTO,ALARM : NORMAL,Traffic Stable
21:40:35,17,15,0,AUTO,ALARM : NORMAL,Traffic Stable
21:40:35,17,15,0,AUTO,ALARM : NORMAL,Traffic Stable
21:40:35,17,15,0,AUTO,ALARM : NORMAL,Traffic Stable
21:40:36,17,15,0,AUTO,ALARM : NORMAL,Traffic Stable
21:40:36,17,15,0,AUTO,ALARM : NORMAL,Traffic Stable
21:40:36,17,15,0,AUTO,ALARM : NORMAL,Traffic Stable
21:40:36,17,15,0,AUTO,ALARM : NORMAL,Traffic Stable
21:40:36,17,15,0,AUTO,ALARM : NORMAL,Traffic Stable
21:40:36,17,15,0,AUTO,ALARM : NORMAL,Traffic Stable
21:40:36,17,15,0,AUTO,ALARM : NORMAL,Traffic Stable
21:40:36,17,15,0,AUTO,ALARM : NORMAL,Traffic Stable
21:40:36,17,15,0,AUTO,ALARM : NORMAL,Traffic Stable
21:40:36,17,15,0,AUTO,ALARM : NORMAL,Traffic Stable
21:40:36,17,15,0,AUTO,ALARM : NORMAL,Traffic Stable
21:40:36,17,15,0,AUTO,ALARM : NORMAL,Traffic Stable
21:40:36,17,15,0,AUTO,ALARM : NORMAL,Traffic Stable
21:40:36,17,15,0,AUTO,ALARM : NORMAL,Traffic Stable
21:40:36,17,15,0,AUTO,ALARM : NORMAL,Traffic Stable
21:40:36,17,15,0,AUTO,ALARM : NORMAL,Traffic Stable
21:40:36,17,15,0,AUTO,ALARM : NORMAL,Traffic Stable
21:40:36,17,15,0,AUTO,ALARM : NORMAL,Traffic Stable
21:40:36,17,15,0,AUTO,ALARM : NORMAL,Traffic Stable
21:40:36,17,15,0,AUTO,ALARM : NORMAL,Traffic Stable
21:40:36,17,15,0,AUTO,ALARM : NORMAL,Traffic Stable
21:40:36,17,15,0,AUTO,ALARM : NORMAL,Traffic Stable
21:40:36,17,15,0,AUTO,ALARM : NORMAL,Traffic Stable
21:40:36,17,15,0,AUTO,ALARM : NORMAL,Traffic Stable
21:40:36,17,15,0,AUTO,ALARM : NORMAL,Traffic Stable
21:40:36,17,15,0,AUTO,ALARM : NORMAL,Traffic Stable
21:40:36,17,15,0,AUTO,ALARM : NORMAL,Traffic Stable
21:40:36,17,15,0,AUTO,ALARM : NORMAL,Traffic Stable
21:40:37,17,15,0,AUTO,ALARM : NORMAL,Traffic Stable
21:40:37,17,15,0,AUTO,ALARM : NORMAL,Traffic Stable
21:40:37,17,15,0,AUTO,ALARM : NORMAL,Traffic Stable
21:40:37,17,15,0,AUTO,ALARM : NORMAL,Traffic Stable
21:40:37,17,15,0,AUTO,ALARM : NORMAL,Traffic Stable
21:40:37,17,15,0,AUTO,ALARM : NORMAL,Traffic Stable
21:40:37,17,15,0,AUTO,ALARM : NORMAL,Traffic Stable
21:40:37,17,15,0,AUTO,ALARM : NORMAL,Traffic Stable
21:40:37,17,15,0,AUTO,ALARM : NORMAL,Traffic Stable
21:40:37,17,15,0,AUTO,ALARM : NORMAL,Traffic Stable
21:40:37,17,15,0,AUTO,ALARM : NORMAL,Traffic Stable
21:40:37,17,15,0,AUTO,ALARM : NORMAL,Traffic Stable
21:40:37,17,15,0,AUTO,ALARM : NORMAL,Traffic Stable
21:40:37,17,15,0,AUTO,ALARM : NORMAL,Traffic Stable
21:40:37,17,15,0,AUTO,ALARM : NORMAL,Traffic Stable
21:40:37,17,15,0,AUTO,ALARM : NORMAL,Traffic Stable
21:40:37,17,15,0,AUTO,ALARM : NORMAL,Traffic Stable
21:40:37,17,15,0,AUTO,ALARM : NORMAL,Traffic Stable
21:40:37,17,15,0,AUTO,ALARM : NORMAL,Traffic Stable
21:40:37,17,15,0,AUTO,ALARM : NORMAL,Traffic Stable
21:40:37,17,15,0,AUTO,ALARM : NORMAL,Traffic Stable
21:40:37,17,15,0,AUTO,ALARM : NORMAL,Traffic Stable
21:40:37,17,15,0,AUTO,ALARM : NORMAL,Traffic Stable
21:40:37,17,15,0,AUTO,ALARM : NORMAL,Traffic Stable
21:40:37,17,15,0,AUTO,ALARM : NORMAL,Traffic Stable
21:40:37,17,15,0,AUTO,ALARM : NORMAL,Traffic Stable
21:40:37,17,15,0,AUTO,ALARM : NORMAL,Traffic Stable
21:40:37,17,15,0,AUTO,ALARM : NORMAL,Traffic Stable
21:40:37,17,15,0,AUTO,ALARM : NORMAL,Traffic Stable
21:40:37,17,15,0,AUTO,ALARM : NORMAL,Traffic Stable
21:40:38,17,15,0,AUTO,ALARM : NORMAL,Traffic Stable
21:40:38,17,15,0,AUTO,ALARM : NORMAL,Traffic Stable
21:40:38,17,15,0,AUTO,ALARM : NORMAL,Traffic Stable
21:40:38,17,15,0,AUTO,ALARM : NORMAL,Traffic Stable
21:40:38,17,15,0,AUTO,ALARM : NORMAL,Traffic Stable
21:40:38,17,15,0,AUTO,ALARM : NORMAL,Traffic Stable
21:40:38,17,15,0,AUTO,ALARM : NORMAL,Traffic Stable
21:40:38,17,15,0,AUTO,ALARM : NORMAL,Traffic Stable
21:40:38,17,15,0,AUTO,ALARM : NORMAL,Traffic Stable
21:40:38,17,15,0,AUTO,ALARM : NORMAL,Traffic Stable
21:40:38,17,15,0,AUTO,ALARM : NORMAL,Traffic Stable
21:40:38,17,15,0,AUTO,ALARM : NORMAL,Traffic Stable
21:40:38,17,15,0,AUTO,ALARM : NORMAL,Traffic Stable
21:40:38,17,15,0,AUTO,ALARM : NORMAL,Traffic Stable
21:40:38,17,15,0,AUTO,ALARM : NORMAL,Traffic Stable
21:40:38,17,15,0,AUTO,ALARM : NORMAL,Traffic Stable
21:40:38,17,15,0,AUTO,ALARM : NORMAL,Traffic Stable
21:40:38,17,15,0,AUTO,ALARM : NORMAL,Traffic Stable
21:40:38,17,15,0,AUTO,ALARM : NORMAL,Traffic Stable
21:40:38,17,15,0,AUTO,ALARM : NORMAL,Traffic Stable
21:40:38,17,15,0,AUTO,ALARM : NORMAL,Traffic Stable
21:40:38,17,15,0,AUTO,ALARM : NORMAL,Traffic Stable
21:40:38,17,15,0,AUTO,ALARM : NORMAL,Traffic Stable
21:40:38,17,15,0,AUTO,ALARM : NORMAL,Traffic Stable
21:40:38,17,15,0,AUTO,ALARM : NORMAL,Traffic Stable
21:40:38,17,15,0,AUTO,ALARM : NORMAL,Traffic Stable
21:40:38,17,15,0,AUTO,ALARM : NORMAL,Traffic Stable
21:40:38,17,15,0,AUTO,ALARM : NORMAL,Traffic Stable
21:40:38,17,15,0,AUTO,ALARM : NORMAL,Traffic Stable
21:40:39,17,15,0,AUTO,ALARM : NORMAL,Traffic Stable
21:40:39,17,15,0,AUTO,ALARM : NORMAL,Traffic Stable
21:40:39,17,15,0,AUTO,ALARM : NORMAL,Traffic Stable
21:40:39,17,15,0,AUTO,ALARM : NORMAL,Traffic Stable
21:40:39,17,15,0,AUTO,ALARM : NORMAL,Traffic Stable
21:40:39,17,15,0,AUTO,ALARM : NORMAL,Traffic Stable
21:40:39,17,15,0,AUTO,ALARM : NORMAL,Traffic Stable
21:40:39,17,15,0,AUTO,ALARM : NORMAL,Traffic Stable
21:40:39,17,15,0,AUTO,ALARM : NORMAL,Traffic Stable
21:40:39,17,15,0,AUTO,ALARM : NORMAL,Traffic Stable
21:40:39,17,15,0,AUTO,ALARM : NORMAL,Traffic Stable
21:40:39,17,15,0,AUTO,ALARM : NORMAL,Traffic Stable
21:40:39,17,15,0,AUTO,ALARM : NORMAL,Traffic Stable
21:40:39,17,15,0,AUTO,ALARM : NORMAL,Traffic Stable
21:40:39,17,15,0,AUTO,ALARM : NORMAL,Traffic Stable
21:40:39,17,15,0,AUTO,ALARM : NORMAL,Traffic Stable
21:40:39,17,15,0,AUTO,ALARM : NORMAL,Traffic Stable
21:40:39,17,15,0,AUTO,ALARM : NORMAL,Traffic Stable
21:40:39,17,15,0,AUTO,ALARM : NORMAL,Traffic Stable
21:40:39,17,15,0,AUTO,ALARM : NORMAL,Traffic Stable
21:40:39,17,15,0,AUTO,ALARM : NORMAL,Traffic Stable
21:40:39,17,15,0,AUTO,ALARM : NORMAL,Traffic Stable
21:40:39,17,15,0,AUTO,ALARM : NORMAL,Traffic Stable
21:40:39,17,15,0,AUTO,ALARM : NORMAL,Traffic Stable
21:40:39,17,15,0,AUTO,ALARM : NORMAL,Traffic Stable
21:40:39,17,15,0,AUTO,ALARM : NORMAL,Traffic Stable
21:40:39,17,15,0,AUTO,ALARM : NORMAL,Traffic Stable
21:40:39,17,15,0,AUTO,ALARM : NORMAL,Traffic Stable
21:40:39,17,15,0,AUTO,ALARM : NORMAL,Traffic Stable
21:40:39,17,15,0,AUTO,ALARM : NORMAL,Traffic Stable
21:40:39,17,15,0,AUTO,ALARM : NORMAL,Traffic Stable
21:40:40,17,15,0,AUTO,ALARM : NORMAL,Traffic Stable
21:40:40,17,15,0,AUTO,ALARM : NORMAL,Traffic Stable
21:40:40,17,15,0,AUTO,ALARM : NORMAL,Traffic Stable
21:40:40,17,15,0,AUTO,ALARM : NORMAL,Traffic Stable
21:40:40,17,15,0,AUTO,ALARM : NORMAL,Traffic Stable
21:40:40,17,15,0,AUTO,ALARM : NORMAL,Traffic Stable
21:40:40,17,15,0,AUTO,ALARM : NORMAL,Traffic Stable
21:40:40,17,15,0,AUTO,ALARM : NORMAL,Traffic Stable
21:40:40,17,15,0,AUTO,ALARM : NORMAL,Traffic Stable
21:40:40,17,15,0,AUTO,ALARM : NORMAL,Traffic Stable
21:40:40,17,15,0,AUTO,ALARM : NORMAL,Traffic Stable
21:40:40,17,15,0,AUTO,ALARM : NORMAL,Traffic Stable
21:40:40,17,15,0,AUTO,ALARM : NORMAL,Traffic Stable
21:40:40,17,15,0,AUTO,ALARM : NORMAL,Traffic Stable
21:40:40,17,15,0,AUTO,ALARM : NORMAL,Traffic Stable
21:40:40,17,15,0,AUTO,ALARM : NORMAL,Traffic Stable
21:40:40,17,15,0,AUTO,ALARM : NORMAL,Traffic Stable
21:40:40,17,15,0,AUTO,ALARM : NORMAL,Traffic Stable
21:40:40,17,15,0,AUTO,ALARM : NORMAL,Traffic Stable
21:40:40,17,15,0,AUTO,ALARM : NORMAL,Traffic Stable
21:40:40,17,15,0,AUTO,ALARM : NORMAL,Traffic Stable
21:40:40,17,15,0,AUTO,ALARM : NORMAL,Traffic Stable
21:40:40,17,15,0,AUTO,ALARM : NORMAL,Traffic Stable
21:40:40,17,15,0,AUTO,ALARM : NORMAL,Traffic Stable
21:40:40,17,15,0,AUTO,ALARM : NORMAL,Traffic Stable
21:40:40,17,15,0,AUTO,ALARM : NORMAL,Traffic Stable
21:40:40,17,15,0,AUTO,ALARM : NORMAL,Traffic Stable
21:40:40,17,15,0,AUTO,ALARM : NORMAL,Traffic Stable
21:40:40,17,15,0,AUTO,ALARM : NORMAL,Traffic Stable
21:40:41,17,15,0,AUTO,ALARM : NORMAL,Traffic Stable
21:40:41,17,15,0,AUTO,ALARM : NORMAL,Traffic Stable
21:40:41,17,15,0,AUTO,ALARM : NORMAL,Traffic Stable
21:40:41,17,15,0,AUTO,ALARM : NORMAL,Traffic Stable
21:40:41,17,15,0,AUTO,ALARM : NORMAL,Traffic Stable
21:40:41,17,15,0,AUTO,ALARM : NORMAL,Traffic Stable
21:40:41,17,15,0,AUTO,ALARM : NORMAL,Traffic Stable
21:40:41,17,15,0,AUTO,ALARM : NORMAL,Traffic Stable
21:40:41,17,15,0,AUTO,ALARM : NORMAL,Traffic Stable
21:40:41,17,15,0,AUTO,ALARM : NORMAL,Traffic Stable
21:40:41,17,15,0,AUTO,ALARM : NORMAL,Traffic Stable
21:40:41,17,15,0,AUTO,ALARM : NORMAL,Traffic Stable
21:40:41,17,15,0,AUTO,ALARM : NORMAL,Traffic Stable
21:40:41,17,15,0,AUTO,ALARM : NORMAL,Traffic Stable
21:40:41,17,15,0,AUTO,ALARM : NORMAL,Traffic Stable
21:40:41,17,15,0,AUTO,ALARM : NORMAL,Traffic Stable
21:40:41,17,15,0,AUTO,ALARM : NORMAL,Traffic Stable
21:40:41,17,15,0,AUTO,ALARM : NORMAL,Traffic Stable
21:40:41,17,15,0,AUTO,ALARM : NORMAL,Traffic Stable
21:40:41,17,15,0,AUTO,ALARM : NORMAL,Traffic Stable
21:40:41,17,15,0,AUTO,ALARM : NORMAL,Traffic Stable
21:40:41,17,15,0,AUTO,ALARM : NORMAL,Traffic Stable
21:40:41,17,15,0,AUTO,ALARM : NORMAL,Traffic Stable
21:40:41,17,15,0,AUTO,ALARM : NORMAL,Traffic Stable
21:40:41,17,15,0,AUTO,ALARM : NORMAL,Traffic Stable
21:40:41,17,15,0,AUTO,ALARM : NORMAL,Traffic Stable
21:40:41,17,15,0,AUTO,ALARM : NORMAL,Traffic Stable
21:40:41,17,15,0,AUTO,ALARM : NORMAL,Traffic Stable
21:40:42,17,15,0,AUTO,ALARM : NORMAL,Traffic Stable
21:40:42,17,15,0,AUTO,ALARM : NORMAL,Traffic Stable
21:40:42,17,15,0,AUTO,ALARM : NORMAL,Traffic Stable
21:40:42,17,15,0,AUTO,ALARM : NORMAL,Traffic Stable
21:40:42,17,15,0,AUTO,ALARM : NORMAL,Traffic Stable
21:40:42,17,15,0,AUTO,ALARM : NORMAL,Traffic Stable
21:40:42,17,15,0,AUTO,ALARM : NORMAL,Traffic Stable
21:40:42,17,15,0,AUTO,ALARM : NORMAL,Traffic Stable
21:40:42,17,15,0,AUTO,ALARM : NORMAL,Traffic Stable
21:40:42,17,15,0,AUTO,ALARM : NORMAL,Traffic Stable
21:40:42,17,15,0,AUTO,ALARM : NORMAL,Traffic Stable
21:40:42,17,15,0,AUTO,ALARM : NORMAL,Traffic Stable
21:40:42,17,15,0,AUTO,ALARM : NORMAL,Traffic Stable
21:40:42,17,15,0,AUTO,ALARM : NORMAL,Traffic Stable
21:40:42,17,15,0,AUTO,ALARM : NORMAL,Traffic Stable
21:40:42,17,15,0,AUTO,ALARM : NORMAL,Traffic Stable
21:40:42,17,15,0,AUTO,ALARM : NORMAL,Traffic Stable
21:40:42,17,15,0,AUTO,ALARM : NORMAL,Traffic Stable
21:40:42,17,15,0,AUTO,ALARM : NORMAL,Traffic Stable
21:40:42,17,15,0,AUTO,ALARM : NORMAL,Traffic Stable
21:40:42,17,15,0,AUTO,ALARM : NORMAL,Traffic Stable
21:40:42,17,15,0,AUTO,ALARM : NORMAL,Traffic Stable
21:40:42,17,15,0,AUTO,ALARM : NORMAL,Traffic Stable
21:40:42,17,15,0,AUTO,ALARM : NORMAL,Traffic Stable
21:40:42,16,16,0,AUTO,ALARM : NORMAL,Traffic Stable
21:40:42,16,16,0,AUTO,ALARM : NORMAL,Traffic Stable
21:40:42,16,16,0,AUTO,ALARM : NORMAL,Traffic Stable
21:40:43,16,16,0,AUTO,ALARM : NORMAL,Traffic Stable
21:40:43,16,16,0,AUTO,ALARM : NORMAL,Traffic Stable
21:40:43,16,16,0,AUTO,ALARM : NORMAL,Traffic Stable
21:40:43,16,16,0,AUTO,ALARM : NORMAL,Traffic Stable
21:40:43,16,16,0,AUTO,ALARM : NORMAL,Traffic Stable
21:40:43,16,16,0,AUTO,ALARM : NORMAL,Traffic Stable
21:40:43,16,16,0,AUTO,ALARM : NORMAL,Traffic Stable
21:40:43,16,16,0,AUTO,ALARM : NORMAL,Traffic Stable
21:40:43,16,16,0,AUTO,ALARM : NORMAL,Traffic Stable
21:40:43,16,16,0,AUTO,ALARM : NORMAL,Traffic Stable
21:40:43,16,16,0,AUTO,ALARM : NORMAL,Traffic Stable
21:40:43,16,16,0,AUTO,ALARM : NORMAL,Traffic Stable
21:40:43,16,16,0,AUTO,ALARM : NORMAL,Traffic Stable
21:40:43,16,16,0,AUTO,ALARM : NORMAL,Traffic Stable
21:40:43,16,16,0,AUTO,ALARM : NORMAL,Traffic Stable
21:40:43,16,16,0,AUTO,ALARM : NORMAL,Traffic Stable
21:40:43,16,16,0,AUTO,ALARM : NORMAL,Traffic Stable
21:40:43,16,16,0,AUTO,ALARM : NORMAL,Traffic Stable
21:40:43,16,16,0,AUTO,ALARM : NORMAL,Traffic Stable
21:40:43,16,16,0,AUTO,ALARM : NORMAL,Traffic Stable
21:40:43,16,16,0,AUTO,ALARM : NORMAL,Traffic Stable
21:40:43,16,16,0,AUTO,ALARM : NORMAL,Traffic Stable
21:40:43,16,16,0,AUTO,ALARM : NORMAL,Traffic Stable
21:40:43,16,16,0,AUTO,ALARM : NORMAL,Traffic Stable
21:40:43,16,16,0,AUTO,ALARM : NORMAL,Traffic Stable
21:40:43,16,16,0,AUTO,ALARM : NORMAL,Traffic Stable
21:40:43,16,16,0,AUTO,ALARM : NORMAL,Traffic Stable
21:40:43,16,16,0,AUTO,ALARM : NORMAL,Traffic Stable
21:40:43,16,16,0,AUTO,ALARM : NORMAL,Traffic Stable
21:40:43,16,16,0,AUTO,ALARM : NORMAL,Traffic Stable
21:40:44,16,16,0,AUTO,ALARM : NORMAL,Traffic Stable
21:40:44,16,16,0,AUTO,ALARM : NORMAL,Traffic Stable
21:40:44,16,16,0,AUTO,ALARM : NORMAL,Traffic Stable
21:40:44,16,16,0,AUTO,ALARM : NORMAL,Traffic Stable
21:40:44,16,16,0,AUTO,ALARM : NORMAL,Traffic Stable
21:40:44,16,16,0,AUTO,ALARM : NORMAL,Traffic Stable
21:40:44,16,16,0,AUTO,ALARM : NORMAL,Traffic Stable
21:40:44,16,16,0,AUTO,ALARM : NORMAL,Traffic Stable
21:40:44,16,16,0,AUTO,ALARM : NORMAL,Traffic Stable
21:40:44,16,16,0,AUTO,ALARM : NORMAL,Traffic Stable
21:40:44,16,16,0,AUTO,ALARM : NORMAL,Traffic Stable
21:40:44,16,16,0,AUTO,ALARM : NORMAL,Traffic Stable
21:40:44,16,16,0,AUTO,ALARM : NORMAL,Traffic Stable
21:40:44,16,16,0,AUTO,ALARM : NORMAL,Traffic Stable
21:40:44,16,16,0,AUTO,ALARM : NORMAL,Traffic Stable
21:40:44,16,16,0,AUTO,ALARM : NORMAL,Traffic Stable
21:40:44,16,16,0,AUTO,ALARM : NORMAL,Traffic Stable
21:40:44,16,16,0,AUTO,ALARM : NORMAL,Traffic Stable
21:40:44,16,16,0,AUTO,ALARM : NORMAL,Traffic Stable
21:40:44,16,16,0,AUTO,ALARM : NORMAL,Traffic Stable
21:40:44,16,16,0,AUTO,ALARM : NORMAL,Traffic Stable
21:40:44,16,16,0,AUTO,ALARM : NORMAL,Traffic Stable
21:40:44,16,16,0,AUTO,ALARM : NORMAL,Traffic Stable
21:40:44,16,16,0,AUTO,ALARM : NORMAL,Traffic Stable
21:40:44,16,16,0,AUTO,ALARM : NORMAL,Traffic Stable
21:40:44,16,16,0,AUTO,ALARM : NORMAL,Traffic Stable
21:40:44,16,16,0,AUTO,ALARM : NORMAL,Traffic Stable
21:40:44,16,16,0,AUTO,ALARM : NORMAL,Traffic Stable
21:40:45,16,16,0,AUTO,ALARM : NORMAL,Traffic Stable
21:40:45,16,16,0,AUTO,ALARM : NORMAL,Traffic Stable
21:40:45,16,16,0,AUTO,ALARM : NORMAL,Traffic Stable
21:40:45,16,16,0,AUTO,ALARM : NORMAL,Traffic Stable
21:40:45,16,16,0,AUTO,ALARM : NORMAL,Traffic Stable
21:40:45,16,16,0,AUTO,ALARM : NORMAL,Traffic Stable
21:40:45,16,16,0,AUTO,ALARM : NORMAL,Traffic Stable
21:40:45,16,16,0,AUTO,ALARM : NORMAL,Traffic Stable
21:40:45,16,16,0,AUTO,ALARM : NORMAL,Traffic Stable
21:40:45,16,16,0,AUTO,ALARM : NORMAL,Traffic Stable
21:40:45,16,16,0,AUTO,ALARM : NORMAL,Traffic Stable
21:40:45,16,16,0,AUTO,ALARM : NORMAL,Traffic Stable
21:40:45,16,16,0,AUTO,ALARM : NORMAL,Traffic Stable
21:40:45,16,16,0,AUTO,ALARM : NORMAL,Traffic Stable
21:40:45,16,16,0,AUTO,ALARM : NORMAL,Traffic Stable
21:40:45,16,16,0,AUTO,ALARM : NORMAL,Traffic Stable
21:40:45,16,16,0,AUTO,ALARM : NORMAL,Traffic Stable
21:40:45,16,16,0,AUTO,ALARM : NORMAL,Traffic Stable
21:40:45,16,16,0,AUTO,ALARM : NORMAL,Traffic Stable
21:40:45,16,16,0,AUTO,ALARM : NORMAL,Traffic Stable
21:40:45,16,16,0,AUTO,ALARM : NORMAL,Traffic Stable
21:40:45,16,16,0,AUTO,ALARM : NORMAL,Traffic Stable
21:40:45,16,16,0,AUTO,ALARM : NORMAL,Traffic Stable
21:40:45,16,16,0,AUTO,ALARM : NORMAL,Traffic Stable
21:40:45,16,16,0,AUTO,ALARM : NORMAL,Traffic Stable
21:40:45,16,16,0,AUTO,ALARM : NORMAL,Traffic Stable
21:40:45,16,16,0,AUTO,ALARM : NORMAL,Traffic Stable
21:40:45,16,16,0,AUTO,ALARM : NORMAL,Traffic Stable
21:40:45,16,16,0,AUTO,ALARM : NORMAL,Traffic Stable
21:40:45,16,16,0,AUTO,ALARM : NORMAL,Traffic Stable
21:40:46,16,16,0,AUTO,ALARM : NORMAL,Traffic Stable
21:40:46,16,16,0,AUTO,ALARM : NORMAL,Traffic Stable
21:40:46,16,16,0,AUTO,ALARM : NORMAL,Traffic Stable
21:40:46,16,16,0,AUTO,ALARM : NORMAL,Traffic Stable
21:40:46,16,16,0,AUTO,ALARM : NORMAL,Traffic Stable
21:40:46,16,16,0,AUTO,ALARM : NORMAL,Traffic Stable
21:40:46,16,16,0,AUTO,ALARM : NORMAL,Traffic Stable
21:40:46,16,16,0,AUTO,ALARM : NORMAL,Traffic Stable
21:40:46,16,16,0,AUTO,ALARM : NORMAL,Traffic Stable
21:40:46,16,16,0,AUTO,ALARM : NORMAL,Traffic Stable
21:40:46,16,16,0,AUTO,ALARM : NORMAL,Traffic Stable
21:40:46,16,16,0,AUTO,ALARM : NORMAL,Traffic Stable
21:40:46,16,16,0,AUTO,ALARM : NORMAL,Traffic Stable
21:40:46,16,16,0,AUTO,ALARM : NORMAL,Traffic Stable
21:40:46,16,16,0,AUTO,ALARM : NORMAL,Traffic Stable
21:40:46,16,16,0,AUTO,ALARM : NORMAL,Traffic Stable
21:40:46,16,16,0,AUTO,ALARM : NORMAL,Traffic Stable
21:40:46,16,16,0,AUTO,ALARM : NORMAL,Traffic Stable
21:40:46,16,16,0,AUTO,ALARM : NORMAL,Traffic Stable
21:40:46,16,16,0,AUTO,ALARM : NORMAL,Traffic Stable
21:40:46,16,16,0,AUTO,ALARM : NORMAL,Traffic Stable
21:40:46,16,16,0,AUTO,ALARM : NORMAL,Traffic Stable
21:40:46,16,16,0,AUTO,ALARM : NORMAL,Traffic Stable
21:40:46,16,16,0,AUTO,ALARM : NORMAL,Traffic Stable
21:40:46,16,16,0,AUTO,ALARM : NORMAL,Traffic Stable
21:40:46,16,16,0,AUTO,ALARM : NORMAL,Traffic Stable
21:40:46,16,16,0,AUTO,ALARM : NORMAL,Traffic Stable
21:40:46,16,16,0,AUTO,ALARM : NORMAL,Traffic Stable
21:40:46,16,16,0,AUTO,ALARM : NORMAL,Traffic Stable
21:40:46,16,16,0,AUTO,ALARM : NORMAL,Traffic Stable
21:40:47,16,16,0,AUTO,ALARM : NORMAL,Traffic Stable
21:40:47,16,16,0,AUTO,ALARM : NORMAL,Traffic Stable
21:40:47,16,16,0,AUTO,ALARM : NORMAL,Traffic Stable
21:40:47,16,16,0,AUTO,ALARM : NORMAL,Traffic Stable
21:40:47,16,16,0,AUTO,ALARM : NORMAL,Traffic Stable
21:40:47,16,16,0,AUTO,ALARM : NORMAL,Traffic Stable
21:40:47,16,16,0,AUTO,ALARM : NORMAL,Traffic Stable
21:40:47,16,16,0,AUTO,ALARM : NORMAL,Traffic Stable
21:40:47,16,16,0,AUTO,ALARM : NORMAL,Traffic Stable
21:40:47,16,16,0,AUTO,ALARM : NORMAL,Traffic Stable
21:40:47,16,16,0,AUTO,ALARM : NORMAL,Traffic Stable
21:40:47,16,16,0,AUTO,ALARM : NORMAL,Traffic Stable
21:40:47,16,16,0,AUTO,ALARM : NORMAL,Traffic Stable
21:40:47,16,16,0,AUTO,ALARM : NORMAL,Traffic Stable
21:40:47,16,16,0,AUTO,ALARM : NORMAL,Traffic Stable
21:40:47,16,16,0,AUTO,ALARM : NORMAL,Traffic Stable
21:40:47,16,16,0,AUTO,ALARM : NORMAL,Traffic Stable
21:40:47,16,16,0,AUTO,ALARM : NORMAL,Traffic Stable
21:40:47,16,16,0,AUTO,ALARM : NORMAL,Traffic Stable
21:40:47,16,16,0,AUTO,ALARM : NORMAL,Traffic Stable
21:40:47,16,16,0,AUTO,ALARM : NORMAL,Traffic Stable
21:40:47,16,16,0,AUTO,ALARM : NORMAL,Traffic Stable
21:40:47,16,16,0,AUTO,ALARM : NORMAL,Traffic Stable
21:40:47,16,16,0,AUTO,ALARM : NORMAL,Traffic Stable
21:40:47,16,16,0,AUTO,ALARM : NORMAL,Traffic Stable
21:40:47,16,16,0,AUTO,ALARM : NORMAL,Traffic Stable
21:40:47,16,16,0,AUTO,ALARM : NORMAL,Traffic Stable
21:40:47,16,16,0,AUTO,ALARM : NORMAL,Traffic Stable
21:40:47,16,16,0,AUTO,ALARM : NORMAL,Traffic Stable
21:40:48,16,16,0,AUTO,ALARM : NORMAL,Traffic Stable
21:40:48,16,16,0,AUTO,ALARM : NORMAL,Traffic Stable
21:40:48,16,16,0,AUTO,ALARM : NORMAL,Traffic Stable
21:40:48,16,16,0,AUTO,ALARM : NORMAL,Traffic Stable
21:40:48,16,16,0,AUTO,ALARM : NORMAL,Traffic Stable
21:40:48,16,16,0,AUTO,ALARM : NORMAL,Traffic Stable
21:40:48,16,16,0,AUTO,ALARM : NORMAL,Traffic Stable
21:40:48,16,16,0,AUTO,ALARM : NORMAL,Traffic Stable
21:40:48,16,16,0,AUTO,ALARM : NORMAL,Traffic Stable
21:40:48,16,16,0,AUTO,ALARM : NORMAL,Traffic Stable
21:40:48,16,16,0,AUTO,ALARM : NORMAL,Traffic Stable
21:40:48,16,16,0,AUTO,ALARM : NORMAL,Traffic Stable
21:40:48,16,16,0,AUTO,ALARM : NORMAL,Traffic Stable
21:40:48,16,16,0,AUTO,ALARM : NORMAL,Traffic Stable
21:40:48,16,16,0,AUTO,ALARM : NORMAL,Traffic Stable
21:40:48,16,16,0,AUTO,ALARM : NORMAL,Traffic Stable
21:40:48,16,16,0,AUTO,ALARM : NORMAL,Traffic Stable
21:40:48,16,16,0,AUTO,ALARM : NORMAL,Traffic Stable
21:40:48,16,16,0,AUTO,ALARM : NORMAL,Traffic Stable
21:40:48,16,16,0,AUTO,ALARM : NORMAL,Traffic Stable
21:40:48,16,16,0,AUTO,ALARM : NORMAL,Traffic Stable
21:40:48,16,16,0,AUTO,ALARM : NORMAL,Traffic Stable
21:40:48,16,16,0,AUTO,ALARM : NORMAL,Traffic Stable
21:40:48,16,16,0,AUTO,ALARM : NORMAL,Traffic Stable
21:40:48,16,16,0,AUTO,ALARM : NORMAL,Traffic Stable
21:40:48,16,16,0,AUTO,ALARM : NORMAL,Traffic Stable
21:40:48,16,16,0,AUTO,ALARM : NORMAL,Traffic Stable
21:40:48,16,16,0,AUTO,ALARM : NORMAL,Traffic Stable
21:40:48,16,16,0,AUTO,ALARM : NORMAL,Traffic Stable
21:40:49,16,16,0,AUTO,ALARM : NORMAL,Traffic Stable
21:40:49,16,16,0,AUTO,ALARM : NORMAL,Traffic Stable
21:40:49,16,16,0,AUTO,ALARM : NORMAL,Traffic Stable
21:40:49,16,16,0,AUTO,ALARM : NORMAL,Traffic Stable
21:40:49,16,16,0,AUTO,ALARM : NORMAL,Traffic Stable
21:40:49,16,16,0,AUTO,ALARM : NORMAL,Traffic Stable
21:40:49,16,16,0,AUTO,ALARM : NORMAL,Traffic Stable
21:40:49,16,16,0,AUTO,ALARM : NORMAL,Traffic Stable
21:40:49,16,16,0,AUTO,ALARM : NORMAL,Traffic Stable
21:40:49,16,16,0,AUTO,ALARM : NORMAL,Traffic Stable
21:40:49,16,16,0,AUTO,ALARM : NORMAL,Traffic Stable
21:40:49,16,16,0,AUTO,ALARM : NORMAL,Traffic Stable
21:40:49,16,16,0,AUTO,ALARM : NORMAL,Traffic Stable
21:40:49,16,16,0,AUTO,ALARM : NORMAL,Traffic Stable
21:40:49,16,16,0,AUTO,ALARM : NORMAL,Traffic Stable
21:40:49,16,16,0,AUTO,ALARM : NORMAL,Traffic Stable
21:40:49,16,16,0,AUTO,ALARM : NORMAL,Traffic Stable
21:40:49,16,16,0,AUTO,ALARM : NORMAL,Traffic Stable
21:40:49,16,16,0,AUTO,ALARM : NORMAL,Traffic Stable
21:40:49,16,16,0,AUTO,ALARM : NORMAL,Traffic Stable
21:40:49,16,16,0,AUTO,ALARM : NORMAL,Traffic Stable
21:40:49,16,16,0,AUTO,ALARM : NORMAL,Traffic Stable
21:40:49,16,16,0,AUTO,ALARM : NORMAL,Traffic Stable
21:40:49,16,16,0,AUTO,ALARM : NORMAL,Traffic Stable
21:40:49,16,16,0,AUTO,ALARM : NORMAL,Traffic Stable
21:40:49,16,16,0,AUTO,ALARM : NORMAL,Traffic Stable
21:40:49,16,16,0,AUTO,ALARM : NORMAL,Traffic Stable
21:40:49,16,16,0,AUTO,ALARM : NORMAL,Traffic Stable
21:40:49,16,16,0,AUTO,ALARM : NORMAL,Traffic Stable
21:40:49,16,16,0,AUTO,ALARM : NORMAL,Traffic Stable
21:40:49,16,16,0,AUTO,ALARM : NORMAL,Traffic Stable
21:40:50,16,16,0,AUTO,ALARM : NORMAL,Traffic Stable
21:40:50,16,16,0,AUTO,ALARM : NORMAL,Traffic Stable
21:40:50,16,16,0,AUTO,ALARM : NORMAL,Traffic Stable
21:40:50,16,16,0,AUTO,ALARM : NORMAL,Traffic Stable
21:40:50,16,16,0,AUTO,ALARM : NORMAL,Traffic Stable
21:40:50,16,16,0,AUTO,ALARM : NORMAL,Traffic Stable
21:40:50,16,16,0,AUTO,ALARM : NORMAL,Traffic Stable
21:40:50,16,16,0,AUTO,ALARM : NORMAL,Traffic Stable
21:40:50,16,16,0,AUTO,ALARM : NORMAL,Traffic Stable
21:40:50,16,16,0,AUTO,ALARM : NORMAL,Traffic Stable
21:40:50,16,16,0,AUTO,ALARM : NORMAL,Traffic Stable
21:40:50,16,16,0,AUTO,ALARM : NORMAL,Traffic Stable
21:40:50,16,16,0,AUTO,ALARM : NORMAL,Traffic Stable
21:40:50,16,16,0,AUTO,ALARM : NORMAL,Traffic Stable
21:40:50,16,16,0,AUTO,ALARM : NORMAL,Traffic Stable
21:40:50,16,16,0,AUTO,ALARM : NORMAL,Traffic Stable
21:40:50,16,16,0,AUTO,ALARM : NORMAL,Traffic Stable
21:40:50,16,16,0,AUTO,ALARM : NORMAL,Traffic Stable
21:40:50,16,16,0,AUTO,ALARM : NORMAL,Traffic Stable
21:40:50,16,16,0,AUTO,ALARM : NORMAL,Traffic Stable
21:40:50,16,16,0,AUTO,ALARM : NORMAL,Traffic Stable
21:40:50,16,16,0,AUTO,ALARM : NORMAL,Traffic Stable
21:40:50,16,16,0,AUTO,ALARM : NORMAL,Traffic Stable
21:40:50,16,16,0,AUTO,ALARM : NORMAL,Traffic Stable
21:40:50,16,16,0,AUTO,ALARM : NORMAL,Traffic Stable
21:40:50,16,16,0,AUTO,ALARM : NORMAL,Traffic Stable
21:40:50,16,16,0,AUTO,ALARM : NORMAL,Traffic Stable
21:40:50,16,16,0,AUTO,ALARM : NORMAL,Traffic Stable
21:40:50,16,16,0,AUTO,ALARM : NORMAL,Traffic Stable
21:40:51,16,16,0,AUTO,ALARM : NORMAL,Traffic Stable
21:40:51,16,16,0,AUTO,ALARM : NORMAL,Traffic Stable
21:40:51,16,16,0,AUTO,ALARM : NORMAL,Traffic Stable
21:40:51,16,16,0,AUTO,ALARM : NORMAL,Traffic Stable
21:40:51,16,16,0,AUTO,ALARM : NORMAL,Traffic Stable
21:40:51,16,16,0,AUTO,ALARM : NORMAL,Traffic Stable
21:40:51,16,16,0,AUTO,ALARM : NORMAL,Traffic Stable
21:40:51,16,16,0,AUTO,ALARM : NORMAL,Traffic Stable
21:40:51,16,16,0,AUTO,ALARM : NORMAL,Traffic Stable
21:40:51,16,16,0,AUTO,ALARM : NORMAL,Traffic Stable
21:40:51,16,16,0,AUTO,ALARM : NORMAL,Traffic Stable
21:40:51,16,16,0,AUTO,ALARM : NORMAL,Traffic Stable
21:40:51,16,16,0,AUTO,ALARM : NORMAL,Traffic Stable
21:40:51,16,16,0,AUTO,ALARM : NORMAL,Traffic Stable
21:40:51,16,16,0,AUTO,ALARM : NORMAL,Traffic Stable
21:40:51,16,16,0,AUTO,ALARM : NORMAL,Traffic Stable
21:40:51,16,16,0,AUTO,ALARM : NORMAL,Traffic Stable
21:40:51,16,16,0,AUTO,ALARM : NORMAL,Traffic Stable
21:40:51,16,16,0,AUTO,ALARM : NORMAL,Traffic Stable
21:40:51,16,16,0,AUTO,ALARM : NORMAL,Traffic Stable
21:40:51,16,16,0,AUTO,ALARM : NORMAL,Traffic Stable
21:40:51,16,16,0,AUTO,ALARM : NORMAL,Traffic Stable
21:40:51,16,16,0,AUTO,ALARM : NORMAL,Traffic Stable
21:40:51,16,16,0,AUTO,ALARM : NORMAL,Traffic Stable
21:40:51,16,16,0,AUTO,ALARM : NORMAL,Traffic Stable
21:40:51,16,16,0,AUTO,ALARM : NORMAL,Traffic Stable
21:40:51,16,16,0,AUTO,ALARM : NORMAL,Traffic Stable
21:40:51,16,16,0,AUTO,ALARM : NORMAL,Traffic Stable
21:40:51,16,16,0,AUTO,ALARM : NORMAL,Traffic Stable
21:40:52,16,16,0,AUTO,ALARM : NORMAL,Traffic Stable
21:40:52,16,16,0,AUTO,ALARM : NORMAL,Traffic Stable
21:40:52,16,16,0,AUTO,ALARM : NORMAL,Traffic Stable
21:40:52,16,16,0,AUTO,ALARM : NORMAL,Traffic Stable
21:40:52,16,16,0,AUTO,ALARM : NORMAL,Traffic Stable
21:40:52,16,16,0,AUTO,ALARM : NORMAL,Traffic Stable
21:40:52,16,16,0,AUTO,ALARM : NORMAL,Traffic Stable
21:40:52,16,16,0,AUTO,ALARM : NORMAL,Traffic Stable
21:40:52,16,16,0,AUTO,ALARM : NORMAL,Traffic Stable
21:40:52,16,16,0,AUTO,ALARM : NORMAL,Traffic Stable
21:40:52,16,16,0,AUTO,ALARM : NORMAL,Traffic Stable
21:40:52,16,16,0,AUTO,ALARM : NORMAL,Traffic Stable
21:40:52,16,16,0,AUTO,ALARM : NORMAL,Traffic Stable
21:40:52,16,16,0,AUTO,ALARM : NORMAL,Traffic Stable
21:40:52,16,16,0,AUTO,ALARM : NORMAL,Traffic Stable
21:40:52,16,16,0,AUTO,ALARM : NORMAL,Traffic Stable
21:40:52,16,16,0,AUTO,ALARM : NORMAL,Traffic Stable
21:40:52,16,16,0,AUTO,ALARM : NORMAL,Traffic Stable
21:40:52,16,16,0,AUTO,ALARM : NORMAL,Traffic Stable
21:40:52,16,16,0,AUTO,ALARM : NORMAL,Traffic Stable
21:40:52,16,16,0,AUTO,ALARM : NORMAL,Traffic Stable
21:40:52,16,16,0,AUTO,ALARM : NORMAL,Traffic Stable
21:40:52,16,16,0,AUTO,ALARM : NORMAL,Traffic Stable
21:40:52,16,16,0,AUTO,ALARM : NORMAL,Traffic Stable
21:40:52,16,16,0,AUTO,ALARM : NORMAL,Traffic Stable
21:40:52,16,16,0,AUTO,ALARM : NORMAL,Traffic Stable
21:40:52,16,16,0,AUTO,ALARM : NORMAL,Traffic Stable
21:40:52,16,16,0,AUTO,ALARM : NORMAL,Traffic Stable
21:40:52,16,16,0,AUTO,ALARM : NORMAL,Traffic Stable
21:40:52,16,16,0,AUTO,ALARM : NORMAL,Traffic Stable
21:40:53,16,16,0,AUTO,ALARM : NORMAL,Traffic Stable
21:40:53,16,16,0,AUTO,ALARM : NORMAL,Traffic Stable
21:40:53,16,16,0,AUTO,ALARM : NORMAL,Traffic Stable
21:40:53,16,16,0,AUTO,ALARM : NORMAL,Traffic Stable
21:40:53,16,16,0,AUTO,ALARM : NORMAL,Traffic Stable
21:40:53,16,16,0,AUTO,ALARM : NORMAL,Traffic Stable
21:40:53,16,16,0,AUTO,ALARM : NORMAL,Traffic Stable
21:40:53,16,16,0,AUTO,ALARM : NORMAL,Traffic Stable
21:40:53,16,16,0,AUTO,ALARM : NORMAL,Traffic Stable
21:40:53,16,16,0,AUTO,ALARM : NORMAL,Traffic Stable
21:40:53,16,16,0,AUTO,ALARM : NORMAL,Traffic Stable
21:40:53,16,16,0,AUTO,ALARM : NORMAL,Traffic Stable
21:40:53,16,16,0,AUTO,ALARM : NORMAL,Traffic Stable
21:40:53,16,16,0,AUTO,ALARM : NORMAL,Traffic Stable
21:40:53,16,16,0,AUTO,ALARM : NORMAL,Traffic Stable
21:40:53,16,16,0,AUTO,ALARM : NORMAL,Traffic Stable
21:40:53,16,16,0,AUTO,ALARM : NORMAL,Traffic Stable
21:40:53,16,16,0,AUTO,ALARM : NORMAL,Traffic Stable
21:40:53,16,16,0,AUTO,ALARM : NORMAL,Traffic Stable
21:40:53,16,16,0,AUTO,ALARM : NORMAL,Traffic Stable
21:40:53,16,16,0,AUTO,ALARM : NORMAL,Traffic Stable
21:40:53,16,16,0,AUTO,ALARM : NORMAL,Traffic Stable
21:40:53,16,16,0,AUTO,ALARM : NORMAL,Traffic Stable
21:40:53,16,16,0,AUTO,ALARM : NORMAL,Traffic Stable
21:40:53,16,16,0,AUTO,ALARM : NORMAL,Traffic Stable
21:40:53,16,16,0,AUTO,ALARM : NORMAL,Traffic Stable
21:40:53,16,16,0,AUTO,ALARM : NORMAL,Traffic Stable
21:40:53,16,16,0,AUTO,ALARM : NORMAL,Traffic Stable
21:40:53,16,16,0,AUTO,ALARM : NORMAL,Traffic Stable
21:40:53,16,16,0,AUTO,ALARM : NORMAL,Traffic Stable
21:40:54,16,16,0,AUTO,ALARM : NORMAL,Traffic Stable
21:40:54,16,16,0,AUTO,ALARM : NORMAL,Traffic Stable
21:40:54,16,16,0,AUTO,ALARM : NORMAL,Traffic Stable
21:40:54,16,16,0,AUTO,ALARM : NORMAL,Traffic Stable
21:40:54,16,16,0,AUTO,ALARM : NORMAL,Traffic Stable
21:40:54,16,16,0,AUTO,ALARM : NORMAL,Traffic Stable
21:40:54,16,16,0,AUTO,ALARM : NORMAL,Traffic Stable
21:40:54,16,16,0,AUTO,ALARM : NORMAL,Traffic Stable
21:40:54,16,16,0,AUTO,ALARM : NORMAL,Traffic Stable
21:40:54,16,16,0,AUTO,ALARM : NORMAL,Traffic Stable
21:40:54,16,16,0,AUTO,ALARM : NORMAL,Traffic Stable
21:40:54,16,16,0,AUTO,ALARM : NORMAL,Traffic Stable
21:40:54,16,16,0,AUTO,ALARM : NORMAL,Traffic Stable
21:40:54,16,16,0,AUTO,ALARM : NORMAL,Traffic Stable
21:40:54,16,16,0,AUTO,ALARM : NORMAL,Traffic Stable
21:40:54,16,16,0,AUTO,ALARM : NORMAL,Traffic Stable
21:40:54,16,16,0,AUTO,ALARM : NORMAL,Traffic Stable
21:40:54,16,16,0,AUTO,ALARM : NORMAL,Traffic Stable
21:40:54,16,16,0,AUTO,ALARM : NORMAL,Traffic Stable
21:40:54,16,16,0,AUTO,ALARM : NORMAL,Traffic Stable
21:40:54,16,16,0,AUTO,ALARM : NORMAL,Traffic Stable
21:40:54,16,16,0,AUTO,ALARM : NORMAL,Traffic Stable
21:40:54,16,16,0,AUTO,ALARM : NORMAL,Traffic Stable
21:40:54,16,16,0,AUTO,ALARM : NORMAL,Traffic Stable
21:40:54,16,16,0,AUTO,ALARM : NORMAL,Traffic Stable
21:40:54,16,16,0,AUTO,ALARM : NORMAL,Traffic Stable
21:40:54,16,16,0,AUTO,ALARM : NORMAL,Traffic Stable
21:40:54,16,16,0,AUTO,ALARM : NORMAL,Traffic Stable
21:40:54,16,16,0,AUTO,ALARM : NORMAL,Traffic Stable
21:40:54,16,16,0,AUTO,ALARM : NORMAL,Traffic Stable
21:40:55,16,16,0,AUTO,ALARM : NORMAL,Traffic Stable
21:40:55,16,16,0,AUTO,ALARM : NORMAL,Traffic Stable
21:40:55,16,16,0,AUTO,ALARM : NORMAL,Traffic Stable
21:40:55,16,16,0,AUTO,ALARM : NORMAL,Traffic Stable
21:40:55,16,16,0,AUTO,ALARM : NORMAL,Traffic Stable
21:40:55,16,16,0,AUTO,ALARM : NORMAL,Traffic Stable
21:40:55,16,16,0,AUTO,ALARM : NORMAL,Traffic Stable
21:40:55,16,16,0,AUTO,ALARM : NORMAL,Traffic Stable
21:40:55,16,16,0,AUTO,ALARM : NORMAL,Traffic Stable
21:40:55,16,16,0,AUTO,ALARM : NORMAL,Traffic Stable
21:40:55,16,16,0,AUTO,ALARM : NORMAL,Traffic Stable
21:40:55,16,16,0,AUTO,ALARM : NORMAL,Traffic Stable
21:40:55,16,16,0,AUTO,ALARM : NORMAL,Traffic Stable
21:40:55,16,16,0,AUTO,ALARM : NORMAL,Traffic Stable
21:40:55,16,16,0,AUTO,ALARM : NORMAL,Traffic Stable
21:40:55,16,16,0,AUTO,ALARM : NORMAL,Traffic Stable
21:40:55,16,16,0,AUTO,ALARM : NORMAL,Traffic Stable
21:40:55,16,16,0,AUTO,ALARM : NORMAL,Traffic Stable
21:40:55,16,16,0,AUTO,ALARM : NORMAL,Traffic Stable
21:40:55,16,16,0,AUTO,ALARM : NORMAL,Traffic Stable
21:40:55,16,16,0,AUTO,ALARM : NORMAL,Traffic Stable
21:40:55,16,16,0,AUTO,ALARM : NORMAL,Traffic Stable
21:40:55,16,16,0,AUTO,ALARM : NORMAL,Traffic Stable
21:40:55,16,16,0,AUTO,ALARM : NORMAL,Traffic Stable
21:40:55,16,16,0,AUTO,ALARM : NORMAL,Traffic Stable
21:40:55,16,16,0,AUTO,ALARM : NORMAL,Traffic Stable
21:40:55,16,16,0,AUTO,ALARM : NORMAL,Traffic Stable
21:40:55,16,16,0,AUTO,ALARM : NORMAL,Traffic Stable
21:40:55,16,16,0,AUTO,ALARM : NORMAL,Traffic Stable
21:40:56,16,16,0,AUTO,ALARM : NORMAL,Traffic Stable
21:40:56,16,16,0,AUTO,ALARM : NORMAL,Traffic Stable
21:40:56,16,16,0,AUTO,ALARM : NORMAL,Traffic Stable
21:40:56,16,16,0,AUTO,ALARM : NORMAL,Traffic Stable
21:40:56,16,16,0,AUTO,ALARM : NORMAL,Traffic Stable
21:40:56,16,16,0,AUTO,ALARM : NORMAL,Traffic Stable
21:40:56,16,16,0,AUTO,ALARM : NORMAL,Traffic Stable
21:40:56,16,16,0,AUTO,ALARM : NORMAL,Traffic Stable
21:40:56,16,16,0,AUTO,ALARM : NORMAL,Traffic Stable
21:40:56,16,16,0,AUTO,ALARM : NORMAL,Traffic Stable
21:40:56,16,16,0,AUTO,ALARM : NORMAL,Traffic Stable
21:40:56,16,16,0,AUTO,ALARM : NORMAL,Traffic Stable
21:40:56,16,16,0,AUTO,ALARM : NORMAL,Traffic Stable
21:40:56,16,16,0,AUTO,ALARM : NORMAL,Traffic Stable
21:40:56,16,16,0,AUTO,ALARM : NORMAL,Traffic Stable
21:40:56,16,16,0,AUTO,ALARM : NORMAL,Traffic Stable
21:40:56,16,16,0,AUTO,ALARM : NORMAL,Traffic Stable
21:40:56,16,16,0,AUTO,ALARM : NORMAL,Traffic Stable
21:40:56,16,16,0,AUTO,ALARM : NORMAL,Traffic Stable
21:40:56,16,16,0,AUTO,ALARM : NORMAL,Traffic Stable
21:40:56,16,16,0,AUTO,ALARM : NORMAL,Traffic Stable
21:40:56,16,16,0,AUTO,ALARM : NORMAL,Traffic Stable
21:40:56,16,16,0,AUTO,ALARM : NORMAL,Traffic Stable
21:40:56,16,16,0,AUTO,ALARM : NORMAL,Traffic Stable
21:40:56,16,16,0,AUTO,ALARM : NORMAL,Traffic Stable
21:40:56,16,16,0,AUTO,ALARM : NORMAL,Traffic Stable
21:40:56,16,16,0,AUTO,ALARM : NORMAL,Traffic Stable
21:40:56,16,16,0,AUTO,ALARM : NORMAL,Traffic Stable
21:40:56,16,16,0,AUTO,ALARM : NORMAL,Traffic Stable
21:40:57,16,16,0,AUTO,ALARM : NORMAL,Traffic Stable
21:40:57,16,16,0,AUTO,ALARM : NORMAL,Traffic Stable
21:40:57,16,16,0,AUTO,ALARM : NORMAL,Traffic Stable
21:40:57,16,16,0,AUTO,ALARM : NORMAL,Traffic Stable
21:40:57,16,16,0,AUTO,ALARM : NORMAL,Traffic Stable
21:40:57,16,16,0,AUTO,ALARM : NORMAL,Traffic Stable
21:40:57,16,16,0,AUTO,ALARM : NORMAL,Traffic Stable
21:40:57,16,16,0,AUTO,ALARM : NORMAL,Traffic Stable
21:40:57,16,16,0,AUTO,ALARM : NORMAL,Traffic Stable
21:40:57,16,16,0,AUTO,ALARM : NORMAL,Traffic Stable
21:40:57,16,16,0,AUTO,ALARM : NORMAL,Traffic Stable
21:40:57,16,16,0,AUTO,ALARM : NORMAL,Traffic Stable
21:40:57,16,16,0,AUTO,ALARM : NORMAL,Traffic Stable
21:40:57,16,16,0,AUTO,ALARM : NORMAL,Traffic Stable
21:40:57,16,16,0,AUTO,ALARM : NORMAL,Traffic Stable
21:40:57,16,16,0,AUTO,ALARM : NORMAL,Traffic Stable
21:40:57,16,16,0,AUTO,ALARM : NORMAL,Traffic Stable
21:40:57,16,16,0,AUTO,ALARM : NORMAL,Traffic Stable
21:40:57,16,16,0,AUTO,ALARM : NORMAL,Traffic Stable
21:40:57,16,16,0,AUTO,ALARM : NORMAL,Traffic Stable
21:40:57,16,16,0,AUTO,ALARM : NORMAL,Traffic Stable
21:40:57,16,16,0,AUTO,ALARM : NORMAL,Traffic Stable
21:40:57,16,16,0,AUTO,ALARM : NORMAL,Traffic Stable
21:40:57,16,16,0,AUTO,ALARM : NORMAL,Traffic Stable
21:40:57,16,16,0,AUTO,ALARM : NORMAL,Traffic Stable
21:40:57,16,16,0,AUTO,ALARM : NORMAL,Traffic Stable
21:40:57,16,16,0,AUTO,ALARM : NORMAL,Traffic Stable
21:40:57,16,16,0,AUTO,ALARM : NORMAL,Traffic Stable
21:40:57,16,16,0,AUTO,ALARM : NORMAL,Traffic Stable
21:40:57,16,16,0,AUTO,ALARM : NORMAL,Traffic Stable
21:40:58,16,16,0,AUTO,ALARM : NORMAL,Traffic Stable
21:40:58,16,16,0,AUTO,ALARM : NORMAL,Traffic Stable
21:40:58,16,16,0,AUTO,ALARM : NORMAL,Traffic Stable
21:40:58,16,16,0,AUTO,ALARM : NORMAL,Traffic Stable
21:40:58,16,16,0,AUTO,ALARM : NORMAL,Traffic Stable
21:40:58,16,16,0,AUTO,ALARM : NORMAL,Traffic Stable
21:40:58,16,16,0,AUTO,ALARM : NORMAL,Traffic Stable
21:40:58,16,16,0,AUTO,ALARM : NORMAL,Traffic Stable
21:40:58,16,16,0,AUTO,ALARM : NORMAL,Traffic Stable
21:40:58,16,16,0,AUTO,ALARM : NORMAL,Traffic Stable
21:40:58,16,16,0,AUTO,ALARM : NORMAL,Traffic Stable
21:40:58,16,16,0,AUTO,ALARM : NORMAL,Traffic Stable
21:40:58,16,16,0,AUTO,ALARM : NORMAL,Traffic Stable
21:40:58,16,16,0,AUTO,ALARM : NORMAL,Traffic Stable
21:40:58,16,16,0,AUTO,ALARM : NORMAL,Traffic Stable
21:40:58,16,16,0,AUTO,ALARM : NORMAL,Traffic Stable
21:40:58,16,16,0,AUTO,ALARM : NORMAL,Traffic Stable
21:40:58,16,16,0,AUTO,ALARM : NORMAL,Traffic Stable
21:40:58,16,16,0,AUTO,ALARM : NORMAL,Traffic Stable
21:40:58,16,16,0,AUTO,ALARM : NORMAL,Traffic Stable
21:40:58,16,16,0,AUTO,ALARM : NORMAL,Traffic Stable
21:40:58,16,16,0,AUTO,ALARM : NORMAL,Traffic Stable
21:40:58,16,16,0,AUTO,ALARM : NORMAL,Traffic Stable
21:40:58,16,16,0,AUTO,ALARM : NORMAL,Traffic Stable
21:40:58,16,16,0,AUTO,ALARM : NORMAL,Traffic Stable
21:40:58,16,16,0,AUTO,ALARM : NORMAL,Traffic Stable
21:40:58,16,16,0,AUTO,ALARM : NORMAL,Traffic Stable
21:40:58,16,16,0,AUTO,ALARM : NORMAL,Traffic Stable
21:40:58,16,16,0,AUTO,ALARM : NORMAL,Traffic Stable
21:40:58,16,16,0,AUTO,ALARM : NORMAL,Traffic Stable
21:40:59,16,16,0,AUTO,ALARM : NORMAL,Traffic Stable
21:40:59,16,16,0,AUTO,ALARM : NORMAL,Traffic Stable
21:40:59,16,16,0,AUTO,ALARM : NORMAL,Traffic Stable
21:40:59,16,16,0,AUTO,ALARM : NORMAL,Traffic Stable
21:40:59,16,16,0,AUTO,ALARM : NORMAL,Traffic Stable
21:40:59,16,16,0,AUTO,ALARM : NORMAL,Traffic Stable
21:40:59,16,16,0,AUTO,ALARM : NORMAL,Traffic Stable
21:40:59,16,16,0,AUTO,ALARM : NORMAL,Traffic Stable
21:40:59,16,16,0,AUTO,ALARM : NORMAL,Traffic Stable
21:40:59,16,16,0,AUTO,ALARM : NORMAL,Traffic Stable
21:40:59,16,16,0,AUTO,ALARM : NORMAL,Traffic Stable
21:40:59,16,16,0,AUTO,ALARM : NORMAL,Traffic Stable
21:40:59,16,16,0,AUTO,ALARM : NORMAL,Traffic Stable
21:40:59,16,16,0,AUTO,ALARM : NORMAL,Traffic Stable
21:40:59,16,16,0,AUTO,ALARM : NORMAL,Traffic Stable
21:40:59,16,16,0,AUTO,ALARM : NORMAL,Traffic Stable
21:40:59,16,16,0,AUTO,ALARM : NORMAL,Traffic Stable
21:40:59,16,16,0,AUTO,ALARM : NORMAL,Traffic Stable
21:40:59,16,16,0,AUTO,ALARM : NORMAL,Traffic Stable
21:40:59,16,16,0,AUTO,ALARM : NORMAL,Traffic Stable
21:40:59,16,16,0,AUTO,ALARM : NORMAL,Traffic Stable
21:40:59,16,16,0,AUTO,ALARM : NORMAL,Traffic Stable
21:40:59,16,16,0,AUTO,ALARM : NORMAL,Traffic Stable
21:40:59,16,16,0,AUTO,ALARM : NORMAL,Traffic Stable
21:40:59,16,16,0,AUTO,ALARM : NORMAL,Traffic Stable
21:40:59,16,16,0,AUTO,ALARM : NORMAL,Traffic Stable
21:40:59,16,16,0,AUTO,ALARM : NORMAL,Traffic Stable
21:40:59,16,16,0,AUTO,ALARM : NORMAL,Traffic Stable
21:40:59,16,16,0,AUTO,ALARM : NORMAL,Traffic Stable
21:40:59,16,16,0,AUTO,ALARM : NORMAL,Traffic Stable
21:41:00,16,16,0,AUTO,ALARM : NORMAL,Traffic Stable
21:41:00,16,16,0,AUTO,ALARM : NORMAL,Traffic Stable
21:41:00,16,16,0,AUTO,ALARM : NORMAL,Traffic Stable
21:41:00,16,16,0,AUTO,ALARM : NORMAL,Traffic Stable
21:41:00,16,16,0,AUTO,ALARM : NORMAL,Traffic Stable
21:41:00,16,16,0,AUTO,ALARM : NORMAL,Traffic Stable
21:41:00,16,16,0,AUTO,ALARM : NORMAL,Traffic Stable
21:41:00,16,16,0,AUTO,ALARM : NORMAL,Traffic Stable
21:41:00,16,16,0,AUTO,ALARM : NORMAL,Traffic Stable
21:41:00,16,16,0,AUTO,ALARM : NORMAL,Traffic Stable
21:41:00,16,16,0,AUTO,ALARM : NORMAL,Traffic Stable
21:41:00,16,16,0,AUTO,ALARM : NORMAL,Traffic Stable
21:41:00,16,16,0,AUTO,ALARM : NORMAL,Traffic Stable
21:41:00,16,16,0,AUTO,ALARM : NORMAL,Traffic Stable
21:41:00,16,16,0,AUTO,ALARM : NORMAL,Traffic Stable
21:41:00,16,16,0,AUTO,ALARM : NORMAL,Traffic Stable
21:41:00,16,16,0,AUTO,ALARM : NORMAL,Traffic Stable
21:41:00,16,16,0,AUTO,ALARM : NORMAL,Traffic Stable
21:41:00,16,16,0,AUTO,ALARM : NORMAL,Traffic Stable
21:41:00,16,16,0,AUTO,ALARM : NORMAL,Traffic Stable
21:41:00,16,16,0,AUTO,ALARM : NORMAL,Traffic Stable
21:41:00,16,16,0,AUTO,ALARM : NORMAL,Traffic Stable
21:41:00,16,16,0,AUTO,ALARM : NORMAL,Traffic Stable
21:41:00,16,16,0,AUTO,ALARM : NORMAL,Traffic Stable
21:41:00,16,16,0,AUTO,ALARM : NORMAL,Traffic Stable
21:41:00,16,16,0,AUTO,ALARM : NORMAL,Traffic Stable
21:41:00,16,16,0,AUTO,ALARM : NORMAL,Traffic Stable
21:41:00,16,16,0,AUTO,ALARM : NORMAL,Traffic Stable
21:41:00,16,16,0,AUTO,ALARM : NORMAL,Traffic Stable
21:41:00,16,16,0,AUTO,ALARM : NORMAL,Traffic Stable
21:41:01,16,16,0,AUTO,ALARM : NORMAL,Traffic Stable
21:41:01,16,16,0,AUTO,ALARM : NORMAL,Traffic Stable
21:41:01,16,16,0,AUTO,ALARM : NORMAL,Traffic Stable
21:41:01,16,16,0,AUTO,ALARM : NORMAL,Traffic Stable
21:41:01,16,16,0,AUTO,ALARM : NORMAL,Traffic Stable
21:41:01,16,16,0,AUTO,ALARM : NORMAL,Traffic Stable
21:41:01,16,16,0,AUTO,ALARM : NORMAL,Traffic Stable
21:41:01,16,16,0,AUTO,ALARM : NORMAL,Traffic Stable
21:41:01,16,16,0,AUTO,ALARM : NORMAL,Traffic Stable
21:41:01,16,16,0,AUTO,ALARM : NORMAL,Traffic Stable
21:41:01,16,16,0,AUTO,ALARM : NORMAL,Traffic Stable
21:41:01,16,16,0,AUTO,ALARM : NORMAL,Traffic Stable
21:41:01,16,16,0,AUTO,ALARM : NORMAL,Traffic Stable
21:41:01,16,16,0,AUTO,ALARM : NORMAL,Traffic Stable
21:41:01,16,16,0,AUTO,ALARM : NORMAL,Traffic Stable
21:41:01,16,16,0,AUTO,ALARM : NORMAL,Traffic Stable
21:41:01,16,16,0,AUTO,ALARM : NORMAL,Traffic Stable
21:41:01,16,16,0,AUTO,ALARM : NORMAL,Traffic Stable
21:41:01,16,16,0,AUTO,ALARM : NORMAL,Traffic Stable
21:41:01,16,16,0,AUTO,ALARM : NORMAL,Traffic Stable
21:41:01,16,16,0,AUTO,ALARM : NORMAL,Traffic Stable
21:41:01,16,16,0,AUTO,ALARM : NORMAL,Traffic Stable
21:41:01,16,16,0,AUTO,ALARM : NORMAL,Traffic Stable
21:41:01,16,16,0,AUTO,ALARM : NORMAL,Traffic Stable
21:41:01,16,16,0,AUTO,ALARM : NORMAL,Traffic Stable
21:41:01,16,16,0,AUTO,ALARM : NORMAL,Traffic Stable
21:41:01,16,16,0,AUTO,ALARM : NORMAL,Traffic Stable
21:41:01,16,16,0,AUTO,ALARM : NORMAL,Traffic Stable
21:41:01,16,16,0,AUTO,ALARM : NORMAL,Traffic Stable
21:41:01,16,16,0,AUTO,ALARM : NORMAL,Traffic Stable
21:41:02,16,16,0,AUTO,ALARM : NORMAL,Traffic Stable
21:41:02,16,16,0,AUTO,ALARM : NORMAL,Traffic Stable
21:41:02,16,16,0,AUTO,ALARM : NORMAL,Traffic Stable
21:41:02,16,16,0,AUTO,ALARM : NORMAL,Traffic Stable
21:41:02,16,16,0,AUTO,ALARM : NORMAL,Traffic Stable
21:41:02,16,16,0,AUTO,ALARM : NORMAL,Traffic Stable
21:41:02,16,16,0,AUTO,ALARM : NORMAL,Traffic Stable
21:41:02,16,16,0,AUTO,ALARM : NORMAL,Traffic Stable
21:41:02,16,16,0,AUTO,ALARM : NORMAL,Traffic Stable
21:41:02,16,16,0,AUTO,ALARM : NORMAL,Traffic Stable
21:41:02,16,16,0,AUTO,ALARM : NORMAL,Traffic Stable
21:41:02,16,16,0,AUTO,ALARM : NORMAL,Traffic Stable
21:41:02,16,16,0,AUTO,ALARM : NORMAL,Traffic Stable
21:41:02,16,16,0,AUTO,ALARM : NORMAL,Traffic Stable
21:41:02,16,16,0,AUTO,ALARM : NORMAL,Traffic Stable
21:41:02,16,16,0,AUTO,ALARM : NORMAL,Traffic Stable
21:41:02,16,16,0,AUTO,ALARM : NORMAL,Traffic Stable
21:41:02,16,16,0,AUTO,ALARM : NORMAL,Traffic Stable
21:41:02,16,16,0,AUTO,ALARM : NORMAL,Traffic Stable
21:41:02,16,16,0,AUTO,ALARM : NORMAL,Traffic Stable
21:41:02,16,16,0,AUTO,ALARM : NORMAL,Traffic Stable
21:41:02,16,16,0,AUTO,ALARM : NORMAL,Traffic Stable
21:41:02,16,16,0,AUTO,ALARM : NORMAL,Traffic Stable
21:41:02,16,16,0,AUTO,ALARM : NORMAL,Traffic Stable
21:41:02,16,16,0,AUTO,ALARM : NORMAL,Traffic Stable
21:41:02,16,16,0,AUTO,ALARM : NORMAL,Traffic Stable
21:41:02,16,16,0,AUTO,ALARM : NORMAL,Traffic Stable
21:41:02,16,16,0,AUTO,ALARM : NORMAL,Traffic Stable
21:41:02,16,16,0,AUTO,ALARM : NORMAL,Traffic Stable
21:41:02,16,16,0,AUTO,ALARM : NORMAL,Traffic Stable
21:41:02,16,16,0,AUTO,ALARM : NORMAL,Traffic Stable
21:41:03,16,16,0,AUTO,ALARM : NORMAL,Traffic Stable
21:41:03,16,16,0,AUTO,ALARM : NORMAL,Traffic Stable
21:41:03,16,16,0,AUTO,ALARM : NORMAL,Traffic Stable
21:41:03,16,16,0,AUTO,ALARM : NORMAL,Traffic Stable
21:41:03,16,16,0,AUTO,ALARM : NORMAL,Traffic Stable
21:41:03,16,16,0,AUTO,ALARM : NORMAL,Traffic Stable
21:41:03,16,16,0,AUTO,ALARM : NORMAL,Traffic Stable
21:41:03,16,16,0,AUTO,ALARM : NORMAL,Traffic Stable
21:41:03,16,16,0,AUTO,ALARM : NORMAL,Traffic Stable
21:41:03,16,16,0,AUTO,ALARM : NORMAL,Traffic Stable
21:41:03,16,16,0,AUTO,ALARM : NORMAL,Traffic Stable
21:41:03,16,16,0,AUTO,ALARM : NORMAL,Traffic Stable
21:41:03,16,16,0,AUTO,ALARM : NORMAL,Traffic Stable
21:41:03,16,16,0,AUTO,ALARM : NORMAL,Traffic Stable
21:41:03,16,16,0,AUTO,ALARM : NORMAL,Traffic Stable
21:41:03,16,16,0,AUTO,ALARM : NORMAL,Traffic Stable
21:41:03,16,16,0,AUTO,ALARM : NORMAL,Traffic Stable
21:41:03,16,16,0,AUTO,ALARM : NORMAL,Traffic Stable
21:41:03,16,16,0,AUTO,ALARM : NORMAL,Traffic Stable
21:41:03,16,16,0,AUTO,ALARM : NORMAL,Traffic Stable
21:41:03,16,16,0,AUTO,ALARM : NORMAL,Traffic Stable
21:41:03,16,16,0,AUTO,ALARM : NORMAL,Traffic Stable
21:41:03,16,16,0,AUTO,ALARM : NORMAL,Traffic Stable
21:41:03,16,16,0,AUTO,ALARM : NORMAL,Traffic Stable
21:41:03,16,16,0,AUTO,ALARM : NORMAL,Traffic Stable
21:41:03,16,16,0,AUTO,ALARM : NORMAL,Traffic Stable
21:41:03,16,16,0,AUTO,ALARM : NORMAL,Traffic Stable
21:41:03,13,15,0,AUTO,ALARM : NORMAL,Traffic Stable
21:41:03,13,15,0,AUTO,ALARM : NORMAL,Traffic Stable
21:41:03,13,15,0,AUTO,ALARM : NORMAL,Traffic Stable
21:41:04,13,15,0,AUTO,ALARM : NORMAL,Traffic Stable
21:41:04,13,15,0,AUTO,ALARM : NORMAL,Traffic Stable
21:41:04,13,15,0,AUTO,ALARM : NORMAL,Traffic Stable
21:41:04,13,15,0,AUTO,ALARM : NORMAL,Traffic Stable
21:41:04,13,15,0,AUTO,ALARM : NORMAL,Traffic Stable
21:41:04,13,15,0,AUTO,ALARM : NORMAL,Traffic Stable
21:41:04,13,15,0,AUTO,ALARM : NORMAL,Traffic Stable
21:41:04,13,15,0,AUTO,ALARM : NORMAL,Traffic Stable
21:41:04,13,15,0,AUTO,ALARM : NORMAL,Traffic Stable
21:41:04,13,15,0,AUTO,ALARM : NORMAL,Traffic Stable
21:41:04,13,15,0,AUTO,ALARM : NORMAL,Traffic Stable
21:41:04,13,15,0,AUTO,ALARM : NORMAL,Traffic Stable
21:41:04,13,15,0,AUTO,ALARM : NORMAL,Traffic Stable
21:41:04,13,15,0,AUTO,ALARM : NORMAL,Traffic Stable
21:41:04,13,15,0,AUTO,ALARM : NORMAL,Traffic Stable
21:41:04,13,15,0,AUTO,ALARM : NORMAL,Traffic Stable
21:41:04,13,15,0,AUTO,ALARM : NORMAL,Traffic Stable
21:41:04,13,15,0,AUTO,ALARM : NORMAL,Traffic Stable
21:41:04,13,15,0,AUTO,ALARM : NORMAL,Traffic Stable
21:41:04,13,15,0,AUTO,ALARM : NORMAL,Traffic Stable
21:41:04,13,15,0,AUTO,ALARM : NORMAL,Traffic Stable
21:41:04,13,15,0,AUTO,ALARM : NORMAL,Traffic Stable
21:41:04,13,15,0,AUTO,ALARM : NORMAL,Traffic Stable
21:41:04,13,15,0,AUTO,ALARM : NORMAL,Traffic Stable
21:41:04,13,15,0,AUTO,ALARM : NORMAL,Traffic Stable
21:41:04,13,15,0,AUTO,ALARM : NORMAL,Traffic Stable
21:41:04,13,15,0,AUTO,ALARM : NORMAL,Traffic Stable
21:41:04,13,15,0,AUTO,ALARM : NORMAL,Traffic Stable
21:41:04,13,15,0,AUTO,ALARM : NORMAL,Traffic Stable
21:41:04,13,15,0,AUTO,ALARM : NORMAL,Traffic Stable
21:41:04,13,15,0,AUTO,ALARM : NORMAL,Traffic Stable
21:41:05,13,15,0,AUTO,ALARM : NORMAL,Traffic Stable
21:41:05,13,15,0,AUTO,ALARM : NORMAL,Traffic Stable
21:41:05,13,15,0,AUTO,ALARM : NORMAL,Traffic Stable
21:41:05,13,15,0,AUTO,ALARM : NORMAL,Traffic Stable
21:41:05,13,15,0,AUTO,ALARM : NORMAL,Traffic Stable
21:41:05,13,15,0,AUTO,ALARM : NORMAL,Traffic Stable
21:41:05,13,15,0,AUTO,ALARM : NORMAL,Traffic Stable
21:41:05,13,15,0,AUTO,ALARM : NORMAL,Traffic Stable
21:41:05,13,15,0,AUTO,ALARM : NORMAL,Traffic Stable
21:41:05,13,15,0,AUTO,ALARM : NORMAL,Traffic Stable
21:41:05,13,15,0,AUTO,ALARM : NORMAL,Traffic Stable
21:41:05,13,15,0,AUTO,ALARM : NORMAL,Traffic Stable
21:41:05,13,15,0,AUTO,ALARM : NORMAL,Traffic Stable
21:41:05,13,15,0,AUTO,ALARM : NORMAL,Traffic Stable
21:41:05,13,15,0,AUTO,ALARM : NORMAL,Traffic Stable
21:41:05,13,15,0,AUTO,ALARM : NORMAL,Traffic Stable
21:41:05,13,15,0,AUTO,ALARM : NORMAL,Traffic Stable
21:41:05,13,15,0,AUTO,ALARM : NORMAL,Traffic Stable
21:41:05,13,15,0,AUTO,ALARM : NORMAL,Traffic Stable
21:41:05,13,15,0,AUTO,ALARM : NORMAL,Traffic Stable
21:41:05,13,15,0,AUTO,ALARM : NORMAL,Traffic Stable
21:41:05,13,15,0,AUTO,ALARM : NORMAL,Traffic Stable
21:41:05,13,15,0,AUTO,ALARM : NORMAL,Traffic Stable
21:41:05,13,15,0,AUTO,ALARM : NORMAL,Traffic Stable
21:41:05,13,15,0,AUTO,ALARM : NORMAL,Traffic Stable
21:41:05,13,15,0,AUTO,ALARM : NORMAL,Traffic Stable
21:41:05,13,15,0,AUTO,ALARM : NORMAL,Traffic Stable
21:41:05,13,15,0,AUTO,ALARM : NORMAL,Traffic Stable
21:41:05,13,15,0,AUTO,ALARM : NORMAL,Traffic Stable
21:41:05,13,15,0,AUTO,ALARM : NORMAL,Traffic Stable
21:41:05,13,15,0,AUTO,ALARM : NORMAL,Traffic Stable
21:41:06,13,15,0,AUTO,ALARM : NORMAL,Traffic Stable
21:41:06,13,15,0,AUTO,ALARM : NORMAL,Traffic Stable
21:41:06,13,15,0,AUTO,ALARM : NORMAL,Traffic Stable
21:41:06,13,15,0,AUTO,ALARM : NORMAL,Traffic Stable
21:41:06,13,15,0,AUTO,ALARM : NORMAL,Traffic Stable
21:41:06,13,15,0,AUTO,ALARM : NORMAL,Traffic Stable
21:41:06,13,15,0,AUTO,ALARM : NORMAL,Traffic Stable
21:41:06,13,15,0,AUTO,ALARM : NORMAL,Traffic Stable
21:41:06,13,15,0,AUTO,ALARM : NORMAL,Traffic Stable
21:41:06,13,15,0,AUTO,ALARM : NORMAL,Traffic Stable
21:41:06,13,15,0,AUTO,ALARM : NORMAL,Traffic Stable
21:41:06,13,15,0,AUTO,ALARM : NORMAL,Traffic Stable
21:41:06,13,15,0,AUTO,ALARM : NORMAL,Traffic Stable
21:41:06,13,15,0,AUTO,ALARM : NORMAL,Traffic Stable
21:41:06,13,15,0,AUTO,ALARM : NORMAL,Traffic Stable
21:41:06,13,15,0,AUTO,ALARM : NORMAL,Traffic Stable
21:41:06,13,15,0,AUTO,ALARM : NORMAL,Traffic Stable
21:41:06,13,15,0,AUTO,ALARM : NORMAL,Traffic Stable
21:41:06,13,15,0,AUTO,ALARM : NORMAL,Traffic Stable
21:41:06,13,15,0,AUTO,ALARM : NORMAL,Traffic Stable
21:41:06,13,15,0,AUTO,ALARM : NORMAL,Traffic Stable
21:41:06,13,15,0,AUTO,ALARM : NORMAL,Traffic Stable
21:41:06,13,15,0,AUTO,ALARM : NORMAL,Traffic Stable
21:41:06,13,15,0,AUTO,ALARM : NORMAL,Traffic Stable
21:41:06,13,15,0,AUTO,ALARM : NORMAL,Traffic Stable
21:41:06,13,15,0,AUTO,ALARM : NORMAL,Traffic Stable
21:41:06,13,15,0,AUTO,ALARM : NORMAL,Traffic Stable
21:41:06,13,15,0,AUTO,ALARM : NORMAL,Traffic Stable
21:41:06,13,15,0,AUTO,ALARM : NORMAL,Traffic Stable
21:41:06,13,15,0,AUTO,ALARM : NORMAL,Traffic Stable
21:41:06,13,15,0,AUTO,ALARM : NORMAL,Traffic Stable
21:41:07,13,15,0,AUTO,ALARM : NORMAL,Traffic Stable
21:41:07,13,15,0,AUTO,ALARM : NORMAL,Traffic Stable
21:41:07,13,15,0,AUTO,ALARM : NORMAL,Traffic Stable
21:41:07,13,15,0,AUTO,ALARM : NORMAL,Traffic Stable
21:41:07,13,15,0,AUTO,ALARM : NORMAL,Traffic Stable
21:41:07,13,15,0,AUTO,ALARM : NORMAL,Traffic Stable
21:41:07,13,15,0,AUTO,ALARM : NORMAL,Traffic Stable
21:41:07,13,15,0,AUTO,ALARM : NORMAL,Traffic Stable
21:41:07,13,15,0,AUTO,ALARM : NORMAL,Traffic Stable
21:41:07,13,15,0,AUTO,ALARM : NORMAL,Traffic Stable
21:41:07,13,15,0,AUTO,ALARM : NORMAL,Traffic Stable
21:41:07,13,15,0,AUTO,ALARM : NORMAL,Traffic Stable
21:41:07,13,15,0,AUTO,ALARM : NORMAL,Traffic Stable
